Project Name,Slug,Collection ID,Locale ID,Item ID,Archived,Draft,Created On,Updated On,Published On,Short Title,Property Short Description,Order (for portfolio sort),Design Team: Architect,Design Team: Landscape Architect,Design Team: General Contractor,Design Team: Engineer,Installation Location,Feature Image,Property Gallery,(Optional) Property Long Description,Property Type,Category Featured,Homepage Featured,Property Series,Installation State,Property Status,Bedrooms,Bathrooms,Square Feet: For Filter,Square Feet: Displayed on page
Fish Bay Cottages Lopez Island Commercial Designed by Method Architecture,fish-bay-cottages-lopez-island,6637f5d318775b5280d56936,654e2d17ca02e3904b4df6bf,6637f683944059a038680e4e,false,false,Sun May 05 2024 21:13:39 GMT+0000 (Coordinated Universal Time),Mon Mar 09 2026 19:38:48 GMT+0000 (Coordinated Universal Time),Mon Mar 09 2026 19:42:43 GMT+0000 (Coordinated Universal Time),Fish Bay Cottages Lopez Island,Method built 6 work force housing units for first responders and teachers for Housing Lousing.,60,Method Architecture,,,,"Fish Bay, WA",https://cdn.prod.website-files.com/654e2d17ca02e3904b4df6c0/6994c593d9bbf28478558f39_fishbay-cottages-wide.png,https://cdn.prod.website-files.com/654e2d17ca02e3904b4df6c0/6994c5a352eb93d2c42238e0_fishbay-cottages-aerial.png; https://cdn.prod.website-files.com/654e2d17ca02e3904b4df6c0/6994c5a3d96cdf22f4a56efd_fishbay-cottages-wide-aerial.png; https://cdn.prod.website-files.com/654e2d17ca02e3904b4df6c0/6994c64db61266b8dcc2341d_fishbay-cottages-close-up.png; https://cdn.prod.website-files.com/654e2d17ca02e3904b4df6c0/6994c64c05b5c5e1ce64df63_fishbay-cottages-single-unit.png; https://cdn.prod.website-files.com/654e2d17ca02e3904b4df6c0/6637f683944059a038680e05_65e3691528daf2c40b222d6c_Fish%252Bbay%252Blopenz%252B3.webp,,Commercial,false,false,NA - Commercial,Washington,Completed,,,,
Heineken House Commercial,heineken-house-commercial,6637f5d318775b5280d56936,654e2d17ca02e3904b4df6bf,66380fa8a3042435a77cf28e,false,true,Sun May 05 2024 23:00:56 GMT+0000 (Coordinated Universal Time),Mon Mar 09 2026 19:41:15 GMT+0000 (Coordinated Universal Time),,Heineken House,"The official epicenter for the 2010 Olympic games in Vancouver, Canada. Constructed of over 1,000 wall panels, The Holland Heineken House consists of a main hall for medal awards ceremonies, retail displays, and multiple bars and restaurants.",80,,,,,"Vancouver, BC",https://uploads-ssl.webflow.com/654e2d17ca02e3904b4df6c0/65e365b911db9df4ad4dcb37_Heineken_006.webp,https://uploads-ssl.webflow.com/654e2d17ca02e3904b4df6c0/65e365b911db9df4ad4dcb37_Heineken_006.webp,,Commercial,false,false,NA - Commercial,British Columbia,Completed,,,,
"Northstar Custom Yoga Studio in the Tahoe basin, Designed by Grouparchitect",northstar-yoga-studio,6637f5d318775b5280d56936,654e2d17ca02e3904b4df6bf,6637f682b5da08b3d24fc5ff,false,false,Sun May 05 2024 21:13:38 GMT+0000 (Coordinated Universal Time),Mon Mar 09 2026 19:39:37 GMT+0000 (Coordinated Universal Time),Mon Mar 09 2026 19:42:43 GMT+0000 (Coordinated Universal Time),Northstar Yoga Studio,1000 sq ft yoga studio amenity for a development at Northstar at Tahoe,63,grouparchitect,,,,"Tahoe, CA",https://cdn.prod.website-files.com/654e2d17ca02e3904b4df6c0/6637f682b5da08b3d24fc5cf_65e64fa649866f065f34ca34_Northstar%2520Yoga%2520Studio%2520commercial%2520project%2520by%2520Method%2520Homes.webp,https://cdn.prod.website-files.com/654e2d17ca02e3904b4df6c0/6637f682b5da08b3d24fc5c8_6564e702a8bc8410c94f03f5_Mountainside%252BYoga%252BStudio%252B(1%252Bof%252B9)%2520(1).jpeg; https://cdn.prod.website-files.com/654e2d17ca02e3904b4df6c0/6637f682b5da08b3d24fc5db_6564e70139570a773c5b4855_Mountainside%252BYoga%252BStudio%252B(2%252Bof%252B9)%2520(1).jpeg; https://cdn.prod.website-files.com/654e2d17ca02e3904b4df6c0/6637f682b5da08b3d24fc5bd_6564e701599bee8dcbc97201_Mountainside%252BYoga%252BStudio%252B(3%252Bof%252B9)%2520(1).jpeg; https://cdn.prod.website-files.com/654e2d17ca02e3904b4df6c0/6637f682b5da08b3d24fc5e7_6564e702539964979f3c786d_Mountainside%252BYoga%252BStudio%252B(4%252Bof%252B9)%2520(1).jpeg; https://cdn.prod.website-files.com/654e2d17ca02e3904b4df6c0/6637f682b5da08b3d24fc5e1_6564e702b17b0554353e24dc_Mountainside%252BYoga%252BStudio%252B(5%252Bof%252B9)%2520(1).jpeg; https://cdn.prod.website-files.com/654e2d17ca02e3904b4df6c0/6637f682b5da08b3d24fc5de_6564e6b01fa55fa789aaabe1_Mountainside%252BYoga%252BStudio%252B(6%252Bof%252B9)%2520(1).jpeg; https://cdn.prod.website-files.com/654e2d17ca02e3904b4df6c0/6637f682b5da08b3d24fc5d5_6564e701377afc3f7f02adb6_Mountainside%252BYoga%252BStudio%252B(7%252Bof%252B9)%2520(1).jpeg; https://cdn.prod.website-files.com/654e2d17ca02e3904b4df6c0/6637f682b5da08b3d24fc5e4_6564e701e4670613bbf43763_Mountainside%252BYoga%252BStudio%252B(8%252Bof%252B9)%2520(1).jpeg; https://cdn.prod.website-files.com/654e2d17ca02e3904b4df6c0/6637f682b5da08b3d24fc5cb_6564e701dc3fb090d26eaf89_Mountainside%252BYoga%252BStudio%252B(9%252Bof%252B9)%2520(1).jpeg,,Commercial,true,false,,California,Completed,,,1000,"1,000"
Rico Workforce Development Designed by LDA Architects,rico-workforce-development-designed-by-lda-architects,6637f5d318775b5280d56936,654e2d17ca02e3904b4df6bf,6994c4736cf8c1fe50616ec4,false,false,Tue Feb 17 2026 19:41:39 GMT+0000 (Coordinated Universal Time),Thu Jun 11 2026 17:44:05 GMT+0000 (Coordinated Universal Time),Thu Jun 11 2026 17:44:32 GMT+0000 (Coordinated Universal Time),Rico Workforce Development,"This workforce development in collaboration with the Bedrock development team and LDA Architecture and Interiors provided 10 workforce housing units, providing much needed housing for the mountain communities surrounding Telluride Colorado.",66,LDA Architects,,,,"Rico, CO",https://cdn.prod.website-files.com/654e2d17ca02e3904b4df6c0/6a171fea2ba04773f2c60b41_rico-affordable-workforce-housing-pano.webp,https://cdn.prod.website-files.com/654e2d17ca02e3904b4df6c0/6a171ff3bd29472343775e83_rico-affordable-workforce-housing-front.webp; https://cdn.prod.website-files.com/654e2d17ca02e3904b4df6c0/6a171ff8d2dd3d530070f17b_rico-affordable-workforce-housing-close.webp,,Commercial,false,false,,Colorado,Completed,,,,
Seed Classroom Commercial Designed by Stacy Smedley,seed-classroom-designed-by-stacy-smedley,6637f5d318775b5280d56936,654e2d17ca02e3904b4df6bf,6637f68287b2cf19820b0d49,false,false,Sun May 05 2024 21:13:38 GMT+0000 (Coordinated Universal Time),Mon Mar 09 2026 19:39:02 GMT+0000 (Coordinated Universal Time),Mon Mar 09 2026 19:42:43 GMT+0000 (Coordinated Universal Time),Seed Classroom,"Method is partnered as the modular builder for The SEED Collaborative, an organization committed to bringing sustainably restorative, inspirational learning spaces to students around the world. The SEED Classroom is the collaborative’s first endeavor.",61,Stacy Smedley,,,,"Seattle, WA",https://cdn.prod.website-files.com/654e2d17ca02e3904b4df6c0/6637f68287b2cf19820b0ce3_65e64fba4e75f450e3c2bf07_SEED%2520classroom%2520commercial%2520project%2520by%2520Method%2520Homes.webp,https://cdn.prod.website-files.com/654e2d17ca02e3904b4df6c0/6637f68287b2cf19820b0d00_659498e077126e91afd15b01_SEED_Video_Thumbnail%2520(1).jpeg; https://cdn.prod.website-files.com/654e2d17ca02e3904b4df6c0/6637f68287b2cf19820b0d06_659498e008424f7fa7f1bf09_7_SEED_Web_Classroom%2520(1).jpeg; https://cdn.prod.website-files.com/654e2d17ca02e3904b4df6c0/6637f68287b2cf19820b0d03_659498e057509fcea946db1a_4_SEED_Web_Lab%2520(1).jpeg; https://cdn.prod.website-files.com/654e2d17ca02e3904b4df6c0/6637f68287b2cf19820b0ce0_659498e02652aa5060e0a8bd_2_SEED_Web_Interior%2520(1).jpeg; https://cdn.prod.website-files.com/654e2d17ca02e3904b4df6c0/6637f68287b2cf19820b0cc2_659498e0e6fcf2896772cc3c_SEED-17%2520(1).jpeg,"<p id="""">SEED is a modular classroom designed and built to meet the 20 imperatives of Living Building Challenge. Each SEED Classroom houses all of the systems the classroom needs to be self-sustaining. Materials and systems are left exposed to teach students how the building works. Each classroom comes with a curriculum package, developed in partnership with the International Living Future Institute, that allows the building to become a living laboratory for its students.</p><ul id=""""><li id=""""><strong id="""">Model: </strong>SEED Classroom</li><li id=""""><strong id="""">Architect: </strong>Stacy Smedley</li><li id=""""><strong id="""">Square Footage: </strong>896</li><li id=""""><strong id="""">Location: </strong>Seattle, Washington<strong id="""">‍</strong></li></ul><p id=""""><strong id="""">Features</strong></p><ul id=""""><li id="""">Net-Zero water</li><li id="""">Net-Zero energy</li><li id="""">LBC Materials Redlist compliant</li><li id="""">Triple glazed windows</li><li id="""">Rainwater reuse and treatment</li><li id="""">Solar PV Array</li><li id="""">Greywater system</li><li id="""">8ft tall edible living wall</li><li id="""">Composting toilet</li><li id="""">Reclaimed materials</li><li id="""">Hand pump operated sink</li><li id="""">Integrated curriculum and Users handbook for teachers and students</li><li id="""">Super insulated building envelope</li></ul><figure id="""" class=""w-richtext-figure-type-video w-richtext-align-center"" style=""padding-bottom:33.75%"" data-rt-type=""video"" data-rt-align=""center"" data-rt-max-width="""" data-rt-max-height=""33.75%"" data-rt-dimensions=""640:360"" data-page-url=""https://vimeo.com/67432199""><div id=""""><iframe src=""https://player.vimeo.com/video/67432199"" scrolling=""no"" frameborder=""0"" allowfullscreen=""true""></iframe></div></figure>",Commercial,true,false,,Washington,Completed,,,,
Skylodge Commercial Designed by Skylab,skylodge,6637f5d318775b5280d56936,654e2d17ca02e3904b4df6bf,6637f682352f235fde92fb05,false,false,Sun May 05 2024 21:13:38 GMT+0000 (Coordinated Universal Time),Mon Mar 09 2026 19:39:21 GMT+0000 (Coordinated Universal Time),Mon Mar 09 2026 19:42:43 GMT+0000 (Coordinated Universal Time),Skylodge,"A custom ski lodge that captures expansive lake and forest views. Skylodge is made up of 6 HOMB modules that radiate around two central yurts, providing skiers with a place to gather after a day on the mountain. Additional amenities provided to users include a 2,500 square foot deck, lockers, and a commercial kitchen and bar.",62,Skylab Architecture,,,,"Powder Mountain, UT",https://cdn.prod.website-files.com/654e2d17ca02e3904b4df6c0/6637f682352f235fde92fa91_65949eb36065064afab4a0f5_Skylodge%2520patio.webp,https://cdn.prod.website-files.com/654e2d17ca02e3904b4df6c0/6637f682352f235fde92fabb_65949ebb2416120513d8bfba_Aerial1%2520copy.webp; https://cdn.prod.website-files.com/654e2d17ca02e3904b4df6c0/6637f682352f235fde92faae_65949eba4773365d150625e9_skylodge%2520lounge.webp; https://cdn.prod.website-files.com/654e2d17ca02e3904b4df6c0/6637f682352f235fde92fa9a_65949eba96e25a82515cd7eb_Skylodge%2520deck%2520at%2520sunset.webp; https://cdn.prod.website-files.com/654e2d17ca02e3904b4df6c0/6637f682352f235fde92fa94_65949eba27ede6e1104123ab_Skylodge%2520exterior.webp; https://cdn.prod.website-files.com/654e2d17ca02e3904b4df6c0/6637f682352f235fde92fa91_65949eb36065064afab4a0f5_Skylodge%2520patio.webp; https://cdn.prod.website-files.com/654e2d17ca02e3904b4df6c0/6637f682352f235fde92faa1_65949ebb9ab7a11567a6f577_skylodge%2520hallway%2520lookinig%2520into%2520lounge.webp; https://cdn.prod.website-files.com/654e2d17ca02e3904b4df6c0/6637f682352f235fde92fa9e_65949eba0b07e0284daad76c_Skylodge%2520interior.webp; https://cdn.prod.website-files.com/654e2d17ca02e3904b4df6c0/6637f682352f235fde92faa8_65949eba7a4d47c6fe5bca51_skylodge%2520kitchen.webp; https://cdn.prod.website-files.com/654e2d17ca02e3904b4df6c0/6637f682352f235fde92fab8_65949ebaf7d503039013790f_skylodge%2520lounge%2520thin.webp; https://cdn.prod.website-files.com/654e2d17ca02e3904b4df6c0/6637f682352f235fde92fac0_65949ebb48a6a723d9e72817_skylodge%2520bar.webp; https://cdn.prod.website-files.com/654e2d17ca02e3904b4df6c0/6637f682352f235fde92fab4_65949a8862ceb5e56fb025d9_skylodge_1.jpeg; https://cdn.prod.website-files.com/654e2d17ca02e3904b4df6c0/6637f682352f235fde92fa8a_65949a88be3f23e802d7e157_Skylodge_2013.png; https://cdn.prod.website-files.com/654e2d17ca02e3904b4df6c0/6637f682352f235fde92fab1_65949ebac618eff1ae8ace9e_skylodge%25202.webp,"<p>Skylodge is made up of 6 HOMB modules that radiate around two central yurts, providing skiers with a place to gather after a day on the mountain. Additional amenities provided to users include a 2,500 square foot deck, lockers, and a commercial kitchen and bar.</p><p>‍</p><figure class=""w-richtext-figure-type-video w-richtext-align-center"" style=""padding-bottom:33.723653395784545%"" data-rt-type=""video"" data-rt-align=""center"" data-rt-max-width="""" data-rt-max-height=""33.723653395784545%"" data-rt-dimensions=""854:480"" data-page-url=""https://youtu.be/3qSpSGj5cJc?si=bOJ8V0pRxNy_vcei""><div><iframe src=""https://www.youtube.com/embed/3qSpSGj5cJc"" title=""Skylodge Installation on Powder Mountain"" scrolling=""no"" frameborder=""0"" allowfullscreen=""true""></iframe></div></figure>",Commercial,true,true,,Utah,Completed,,,,
Snowflake Lodge Designed by grouparchitect,snowflake-lodge-designed-by-grouparchitect,6637f5d318775b5280d56936,654e2d17ca02e3904b4df6bf,6994bd9ada5d5dd2ddffb5c1,false,true,Tue Feb 17 2026 19:12:26 GMT+0000 (Coordinated Universal Time),Tue Mar 10 2026 21:24:18 GMT+0000 (Coordinated Universal Time),,Snowflake Lodge,A ski-in ski-out remote lodge with stunning views of Crystal Mountain.,65,grouparchitect,,Dowbuilt,Ashley & Vance Engineering,"Crystal Mountain, WA",https://cdn.prod.website-files.com/654e2d17ca02e3904b4df6c0/6994bcc97699281703e18ae4_SNOWFLAKE_MS93581-MSTEARNS1100PX.jpg,https://cdn.prod.website-files.com/654e2d17ca02e3904b4df6c0/6994bec54fb41c0b026b4c0a_snowflake-lodge-wide-exterior.png; https://cdn.prod.website-files.com/654e2d17ca02e3904b4df6c0/6994bcb8051070d1ccfac8a3_SNOWFLAKE_MS0520-MSTEARNS1100PX.jpg; https://cdn.prod.website-files.com/654e2d17ca02e3904b4df6c0/6994be6177eba81ba696a7eb_SNOWFLAKE_MS0483-MSTEARNS1100PX.jpg; https://cdn.prod.website-files.com/654e2d17ca02e3904b4df6c0/6994bd918295d649693f82ae_snowflake-lodge-interior.png; https://cdn.prod.website-files.com/654e2d17ca02e3904b4df6c0/6994be7d473bdd275ddcac49_SNOWFLAKE_MS93407-MSTEARNS1100PX.jpg; https://cdn.prod.website-files.com/654e2d17ca02e3904b4df6c0/6994bcc97699281703e18ae4_SNOWFLAKE_MS93581-MSTEARNS1100PX.jpg,,Commercial,false,false,,Washington,Completed,,,,
Tahoe Concession-Designed by Grouparchitect,tahoe-park-concession-commercial,6637f5d318775b5280d56936,654e2d17ca02e3904b4df6bf,6637f682acdca762bbf2b606,false,false,Sun May 05 2024 21:13:38 GMT+0000 (Coordinated Universal Time),Mon Mar 09 2026 19:41:07 GMT+0000 (Coordinated Universal Time),Mon Mar 09 2026 19:42:43 GMT+0000 (Coordinated Universal Time),Tahoe Park Concession,"This structure serves as an office and guest check in, retail area for a rope's course in a state park in Lake Tahoe.",69,grouparchitect,,,,"Tahoe, CA",https://cdn.prod.website-files.com/654e2d17ca02e3904b4df6c0/6637f682acdca762bbf2b5ae_65e36773b726d93dd00e36a8_Adventure%252BParks%252BLake%252BTahoe%252Bside%252Bperspective.webp,https://cdn.prod.website-files.com/654e2d17ca02e3904b4df6c0/6637f682acdca762bbf2b5bd_65e36776a39f65dced19606d_Adventure%252BParks%252BLake%252BTahoe%252Bclose%252Bup%252Bfront.webp; https://cdn.prod.website-files.com/654e2d17ca02e3904b4df6c0/6637f682acdca762bbf2b5c3_65e36776342fae21f39e0d86_Adventure%252BParks%252BLake%252BTahoe%252Bentrance.webp; https://cdn.prod.website-files.com/654e2d17ca02e3904b4df6c0/6637f682acdca762bbf2b5c6_65e36776f03910a587e918a0_Adventure%252Bparks%252BLake%252BTahoe%252Bfront.webp; https://cdn.prod.website-files.com/654e2d17ca02e3904b4df6c0/6637f682acdca762bbf2b5b4_65e36776d486d28f68f1473c_Adventure%252BParks%252BLake%252BTahoe%252Bfront%252Bperspective.webp; https://cdn.prod.website-files.com/654e2d17ca02e3904b4df6c0/6637f682acdca762bbf2b5ab_65e36773b726d93dd00e36a8_Adventure%252BParks%252BLake%252BTahoe%252Bside%252Bperspective.webp,,Commercial,false,false,NA - Commercial,California,Completed,,,,
Taproot Theater Commercial Designed by The Miller Hull Partnership,taproot-theatre-commercial,6637f5d318775b5280d56936,654e2d17ca02e3904b4df6bf,6637f6823f025fc7535f9a02,false,false,Sun May 05 2024 21:13:38 GMT+0000 (Coordinated Universal Time),Mon Mar 09 2026 19:40:40 GMT+0000 (Coordinated Universal Time),Mon Mar 09 2026 19:42:43 GMT+0000 (Coordinated Universal Time),Taproot Theater,"The Taproot Theatre Annex is the 12,000 sqft multi-use expansion of the non-profit Taproot Theatre, Seattle’s largest mid-size professional theatre company.",67,The Miller Hull Partnership,,,,"Seattle, WA",https://cdn.prod.website-files.com/654e2d17ca02e3904b4df6c0/6637f6823f025fc7535f99a6_65e3656c683fe19430f48153_Taproot_Old_and_New.webp,https://cdn.prod.website-files.com/654e2d17ca02e3904b4df6c0/6637f6823f025fc7535f99b6_65e365732f703e1765dfb11e_Taproot_Theatre_Rend.webp; https://cdn.prod.website-files.com/654e2d17ca02e3904b4df6c0/6637f6823f025fc7535f99af_65e3656c683fe19430f48153_Taproot_Old_and_New.webp; https://cdn.prod.website-files.com/654e2d17ca02e3904b4df6c0/6637f6823f025fc7535f99a9_65e36573feddec420d7d2112_CHI_1500_mini.webp; https://cdn.prod.website-files.com/654e2d17ca02e3904b4df6c0/6637f6823f025fc7535f999c_65e36573c91cdddacc9951ff_CHI_1420_mini.webp; https://cdn.prod.website-files.com/654e2d17ca02e3904b4df6c0/6637f6823f025fc7535f9999_65e365738f07142b076d25b1_CHI_1397_mini.webp; https://cdn.prod.website-files.com/654e2d17ca02e3904b4df6c0/6637f6823f025fc7535f99a3_65e3657369e2314b25858fda_CHI_1395_mini.webp; https://cdn.prod.website-files.com/654e2d17ca02e3904b4df6c0/6637f6823f025fc7535f999f_65e3657369e2314b25858fd6_BOONE_SPEED-1401292140-Edit1.webp,"<figure id="""" class=""w-richtext-figure-type-video w-richtext-align-center"" style=""padding-bottom:33.75%"" data-rt-type=""video"" data-rt-align=""center"" data-rt-max-width="""" data-rt-max-height=""33.75%"" data-rt-dimensions=""640:360"" data-page-url=""https://vimeo.com/64832529""><div id=""""><iframe src=""https://player.vimeo.com/video/64832529"" scrolling=""no"" frameborder=""0"" allowfullscreen=""true""></iframe></div></figure><p id=""""><strong id="""">Features</strong></p><ul id=""""><li id="""">Retractable theatre seating</li><li id="""">Reclaimed Fir bar tops</li><li id="""">Highly-efficient HVAC system</li><li id="""">Green roof</li><li id="""">Open-air courtyard</li><li id="""">Solatube lighting</li><li id="""">Custom bamboo cabinetry</li><li id="""">Custom bamboo café bar</li><li id="""">SIL-LEED cladding</li><li id="""">Low and no VOC adhesives, sealants, and building materials</li></ul>",Commercial,false,false,NA - Commercial,Washington,Completed,,,,
Village North Affordable Workforce Housing with Housing Lopez,village-north-affordable-workforce-housing-with-housing-lopez,6637f5d318775b5280d56936,654e2d17ca02e3904b4df6bf,6994c1f689ec8a509035392c,false,false,Tue Feb 17 2026 19:31:02 GMT+0000 (Coordinated Universal Time),Mon Mar 09 2026 19:40:08 GMT+0000 (Coordinated Universal Time),Mon Mar 09 2026 19:42:43 GMT+0000 (Coordinated Universal Time),Village North,"Village North comprises 15 units of affordable rental housing serving low-income workers, seniors, disabled people, people experiencing homelessness, and families who call Lopez home. ",64,Third Place Design Coop,,Valdez Construction,,"Lopez Island, WA",https://cdn.prod.website-files.com/654e2d17ca02e3904b4df6c0/6994c08fb8c12ac02171a5ef_village-north-housing-lopez.png,https://cdn.prod.website-files.com/654e2d17ca02e3904b4df6c0/6994c13a78398fc55994d82e_village-north-housing-lopez-1.png; https://cdn.prod.website-files.com/654e2d17ca02e3904b4df6c0/6994c13ad5fab5ce1518db1b_village-north-housing-lopez-single.png; https://cdn.prod.website-files.com/654e2d17ca02e3904b4df6c0/6994c13ea72ab7e6736b42f4_housing-lopez-wide.png; https://cdn.prod.website-files.com/654e2d17ca02e3904b4df6c0/6994c134b3f363cba9227b3a_IMG_1105.jpg; https://cdn.prod.website-files.com/654e2d17ca02e3904b4df6c0/6994c1c218974cebda8434d6_DJI_0592%20(1).jpg; https://cdn.prod.website-files.com/654e2d17ca02e3904b4df6c0/6994c1d23eede14de9bf86f7_DJI_0677.jpg,,Commercial,false,false,,Washington,Completed,,,,
Village Walk Northstar Tahoe Commercial Designed by sagemodern,village-walk-northstar-tahoe-commercial,6637f5d318775b5280d56936,654e2d17ca02e3904b4df6bf,6637f683744169bfa8503bf1,false,false,Sun May 05 2024 21:13:39 GMT+0000 (Coordinated Universal Time),Mon Jul 13 2026 21:46:44 GMT+0000 (Coordinated Universal Time),Fri Jul 17 2026 18:03:23 GMT+0000 (Coordinated Universal Time),Village Walk Northstar Tahoe,Innovative design with center living volume was created with void between modules making for efficient construction and minimizing total modules. Method built 5 duplexes in the development.,68,sagemodern,,,,"Tahoe, CA",https://cdn.prod.website-files.com/654e2d17ca02e3904b4df6c0/6a5558df244d7bd5cff1b6e0_village-walk-hero.webp,https://cdn.prod.website-files.com/654e2d17ca02e3904b4df6c0/6a5558df244d7bd5cff1b6e0_village-walk-hero.webp; https://cdn.prod.website-files.com/654e2d17ca02e3904b4df6c0/6a553db862a5cc530ccda388_village-walk-multi-family-connector.webp; https://cdn.prod.website-files.com/654e2d17ca02e3904b4df6c0/6a555ca1c8622993f7e77fca_kitchen-village-walk.webp; https://cdn.prod.website-files.com/654e2d17ca02e3904b4df6c0/6a555ca546438d5a03379f3a_living-room-village-walk.webp; https://cdn.prod.website-files.com/654e2d17ca02e3904b4df6c0/6a555ca9c239b56394148f10_bedroom-village-walk.webp,,Commercial,false,false,NA - Commercial,California,Completed,,,,
West Seattle Townhomes Commercial Designed by Chris Pardo Design: Elemental Architecture,west-seattle-townhomes-commercial,6637f5d318775b5280d56936,654e2d17ca02e3904b4df6bf,6637f68291658685c1d5e0f6,false,false,Sun May 05 2024 21:13:38 GMT+0000 (Coordinated Universal Time),Mon Mar 09 2026 19:40:32 GMT+0000 (Coordinated Universal Time),Mon Mar 09 2026 19:42:43 GMT+0000 (Coordinated Universal Time),West Seattle Townhomes,These modern townhomes were effeciently designed and constructed to fit the small lot and provide plenty of living area for 3 units.,66,Chris Pardo Design Elemental Architecture,,,,"Seattle, WA",https://cdn.prod.website-files.com/654e2d17ca02e3904b4df6c0/6637f68291658685c1d5e05c_65949fdd0b07e0284dab6e12_141010-07f.jpeg,https://cdn.prod.website-files.com/654e2d17ca02e3904b4df6c0/6637f68291658685c1d5e015_65949ff10b07e0284dab7acd_141010-13s1%2520(1).webp; https://cdn.prod.website-files.com/654e2d17ca02e3904b4df6c0/6637f68291658685c1d5e04a_65949ff1ad9572ec83a74f29_141010-15s%2520(1).webp; https://cdn.prod.website-files.com/654e2d17ca02e3904b4df6c0/6637f68291658685c1d5e01c_65949ff162ceb5e56fb3a5bd_141010-16s%2520(1).webp; https://cdn.prod.website-files.com/654e2d17ca02e3904b4df6c0/6637f68291658685c1d5e030_65949ff106f65431f55a4d41_141010-17s%2520(1).webp; https://cdn.prod.website-files.com/654e2d17ca02e3904b4df6c0/6637f68291658685c1d5e020_65949ff1b92dbe1e15a701ee_141010-18s%2520(1).webp; https://cdn.prod.website-files.com/654e2d17ca02e3904b4df6c0/6637f68291658685c1d5e02c_65949ff1c7221bf0ed1fd0e9_141010-19s%2520(1).webp; https://cdn.prod.website-files.com/654e2d17ca02e3904b4df6c0/6637f68291658685c1d5e050_65949ff137eb77226f71e656_141010-20s%2520(1).webp; https://cdn.prod.website-files.com/654e2d17ca02e3904b4df6c0/6637f68291658685c1d5e058_65949ff12be4e14833384a3d_141010-22s%2520(1).webp; https://cdn.prod.website-files.com/654e2d17ca02e3904b4df6c0/6637f68291658685c1d5e025_65949ff181c280e3608b766c_141010-23s%2520(1).webp; https://cdn.prod.website-files.com/654e2d17ca02e3904b4df6c0/6637f68291658685c1d5e047_65949ff1582e8527bdb9ff24_141010-25s%2520(1).webp; https://cdn.prod.website-files.com/654e2d17ca02e3904b4df6c0/6637f68291658685c1d5e03e_65949ff1072110434c1b9140_141010-26s%2520(1).webp; https://cdn.prod.website-files.com/654e2d17ca02e3904b4df6c0/6637f68291658685c1d5e04d_65949ff1997b8276942f7251_141010-28s%2520(1).webp; https://cdn.prod.website-files.com/654e2d17ca02e3904b4df6c0/6637f68291658685c1d5e039_65949ff15945771426b1b638_west_seattle_townhomes%2520(1).webp,"<figure class=""w-richtext-figure-type-video w-richtext-align-center"" style=""padding-bottom:33.723653395784545%"" data-rt-type=""video"" data-rt-align=""center"" data-rt-max-width="""" data-rt-max-height=""33.723653395784545%"" data-rt-dimensions=""854:480"" data-page-url=""https://www.youtube.com/watch?v=i7GBon6o8N8&list=PLAMhSuVCXjfwoiUEK_rknpzduSEPm1bWQ&index=4""><div><iframe src=""https://www.youtube.com/embed/i7GBon6o8N8"" title=""West Seattle Townhomes Install by Method Homes"" scrolling=""no"" frameborder=""0"" allowfullscreen=""true""></iframe></div></figure>",Commercial,true,false,,Washington,Completed,,,,
Make it Right: Fort Peck Sustainable Village ,make-it-right-fort-peck-sustainable-village,6637f5d318775b5280d56936,654e2d17ca02e3904b4df6bf,6a2afb017d353d33e7a866b2,false,false,Thu Jun 11 2026 18:14:25 GMT+0000 (Coordinated Universal Time),Wed Jun 17 2026 21:15:32 GMT+0000 (Coordinated Universal Time),Wed Jun 17 2026 21:17:36 GMT+0000 (Coordinated Universal Time),Make it Right,"In partnership with Make It Right and the Sioux and Assiniboine Tribes of the Fort Peck Reservation, this sustainable village comprises 20 Cradle-to-Cradle-inspired prefab homes. Each home reflects community values of family, culture, and connection to place, combining modern design with materials suited to Montana’s climate.",70,grouparchitect,,,,"Fort Peck, MT",https://cdn.prod.website-files.com/654e2d17ca02e3904b4df6c0/6a2af9c5ff3b3d79e866eff7_make-it-right-exterior.jpeg,https://cdn.prod.website-files.com/654e2d17ca02e3904b4df6c0/6a2af9cc3333b0ed4852f007_make-it-right-interior-bedroom.jpeg; https://cdn.prod.website-files.com/654e2d17ca02e3904b4df6c0/6a2af9cbf71707e6e676510f_make-it-right-interior.jpeg; https://cdn.prod.website-files.com/654e2d17ca02e3904b4df6c0/6a2afade4dac3344646b6c70_make-it-right-plan.png,,Commercial,false,false,,Montana,Completed,,,,
Chartwell School Addition with grouparchitect,chartwell-school-addition-with-grouparchitect,6637f5d318775b5280d56936,654e2d17ca02e3904b4df6bf,6a32f1f64bf29995752482a2,false,false,Wed Jun 17 2026 19:13:58 GMT+0000 (Coordinated Universal Time),Thu Jul 09 2026 18:33:08 GMT+0000 (Coordinated Universal Time),Fri Jul 17 2026 18:03:23 GMT+0000 (Coordinated Universal Time),Chartwell School Addition,"A two-module, four-classroom addition to a middle and high school campus. The design includes a retractable room divider for greater flexibility and a large overhead garage door, allowing the room to open to an outdoor deck when weather permits.",71,grouparchitect,,,,"Santa Cruz, CA",https://cdn.prod.website-files.com/654e2d17ca02e3904b4df6c0/6a32f1d86d152527125e6b11_chartwell-school-addition-1.png,https://cdn.prod.website-files.com/654e2d17ca02e3904b4df6c0/6a32f1ddb470d5d7a528251c_chartwell-school-addition-4.png; https://cdn.prod.website-files.com/654e2d17ca02e3904b4df6c0/6a32f1e00296345c8ebe9d5f_chartwell-school-additon-3.png; https://cdn.prod.website-files.com/654e2d17ca02e3904b4df6c0/6a32f1e278be81cc0255d3b0_chatwell-school-additon-2.png,,Commercial,false,false,,California,Completed,,,,
The Valley School with Workshop AD,the-valley-school-with-workshop-ad,6637f5d318775b5280d56936,654e2d17ca02e3904b4df6bf,6a32f61478be81cc0257dc25,false,false,Wed Jun 17 2026 19:31:32 GMT+0000 (Coordinated Universal Time),Wed Jun 17 2026 21:15:52 GMT+0000 (Coordinated Universal Time),Wed Jun 17 2026 21:17:36 GMT+0000 (Coordinated Universal Time),The Valley School ,"A 3-classroom, 2,700 sq ft upper school addition to The Valley School in Seattle. ",72,Workshop AD,,,,"Seattle, WA",https://cdn.prod.website-files.com/654e2d17ca02e3904b4df6c0/6a32f7863c7150c6d3e2a10a_the-valley-school.png,https://cdn.prod.website-files.com/654e2d17ca02e3904b4df6c0/6a330aa3314e4f45a3efb65e_Valley%20School-1.png; https://cdn.prod.website-files.com/654e2d17ca02e3904b4df6c0/6a330e4d34c6ded033227a4b_Valley%20School-2.png,,Commercial,false,false,,Washington,Completed,,,,
