Name,Slug,Collection ID,Locale ID,Item ID,Archived,Draft,Created On,Updated On,Published On,Bullet Point Highlights,PDF Link,Predesigned Series
2M,2m,658608d95b0868b3ba531a70,654e2d17ca02e3904b4df6bf,65940c801757a8478ca78f6e,false,false,Tue Jan 02 2024 13:15:44 GMT+0000 (Coordinated Universal Time),Fri Apr 18 2025 21:09:24 GMT+0000 (Coordinated Universal Time),Fri May 16 2025 19:47:09 GMT+0000 (Coordinated Universal Time),"<ul id=""""><li id="""">1,240 sqft</li><li id="""">248 deck sqft</li><li id="""">Modular $372,000</li><li id="""">Modular+Site $710,000+</li><li id="""">2 bedroom, 2 bath</li><li id="""">2 modules</li></ul><p></p>",https://cdn.prod.website-files.com/654e2d17ca02e3904b4df6c0/6802bf444f8d5e1b1e614722_M%20Series%20PDF_All_Revisions_2025-03-28.pdf,m
2M Loft,2m-loft,658608d95b0868b3ba531a70,654e2d17ca02e3904b4df6bf,65940d3b3abd0a6377089591,false,false,Tue Jan 02 2024 13:18:51 GMT+0000 (Coordinated Universal Time),Fri Apr 18 2025 21:08:27 GMT+0000 (Coordinated Universal Time),Fri May 16 2025 19:47:09 GMT+0000 (Coordinated Universal Time),"<ul id=""""><li id="""">1,740 sqft</li><li id="""">248 deck sqft</li><li id="""">Modular $530,700</li><li id="""">Modular+Site $1,000,000+</li><li id="""">2 bedroom + loft, 2 bath</li><li id="""">4 modules</li></ul><p></p>",https://cdn.prod.website-files.com/654e2d17ca02e3904b4df6c0/6802bf444f8d5e1b1e614722_M%20Series%20PDF_All_Revisions_2025-03-28.pdf,m
2M Shift,2m-shift,658608d95b0868b3ba531a70,654e2d17ca02e3904b4df6bf,65940cabd36dd8c114feb3e5,false,false,Tue Jan 02 2024 13:16:27 GMT+0000 (Coordinated Universal Time),Fri Apr 18 2025 21:09:06 GMT+0000 (Coordinated Universal Time),Fri May 16 2025 19:47:09 GMT+0000 (Coordinated Universal Time),"<ul id=""""><li id="""">1,240 sqft</li><li id="""">465 deck sqft</li><li id="""">Modular $378,200</li><li id="""">Modular+Site $720,000+</li><li id="""">2 bedroom, 2 bath</li><li id="""">2 modules</li></ul><p></p>",https://cdn.prod.website-files.com/654e2d17ca02e3904b4df6c0/6802bf444f8d5e1b1e614722_M%20Series%20PDF_All_Revisions_2025-03-28.pdf,m
Annata II,annata-ii,658608d95b0868b3ba531a70,654e2d17ca02e3904b4df6bf,65860c2db9e9ac8c15a20e5b,false,false,Fri Dec 22 2023 22:22:37 GMT+0000 (Coordinated Universal Time),Fri Apr 18 2025 21:20:55 GMT+0000 (Coordinated Universal Time),Fri May 16 2025 19:47:09 GMT+0000 (Coordinated Universal Time),"<ul id=""""><li id="""">1590 sqft</li><li id="""">Modular $508,800</li><li id="""">Modular + Site $960,000+</li><li id="""">2 bedrooom + 2 bath</li><li id="""">2 modules</li></ul><p></p>",https://cdn.prod.website-files.com/654e2d17ca02e3904b4df6c0/6802c21786c99030dceb745b_Annata%20Series%20-%204.10.25.pdf,annata
Annata III,annata-iii,658608d95b0868b3ba531a70,654e2d17ca02e3904b4df6bf,65860c4617c12763f86030b1,false,false,Fri Dec 22 2023 22:23:02 GMT+0000 (Coordinated Universal Time),Fri Apr 18 2025 21:20:30 GMT+0000 (Coordinated Universal Time),Fri May 16 2025 19:47:09 GMT+0000 (Coordinated Universal Time),"<ul id=""""><li id="""">2250 sqft</li><li id="""">Modular $720,000</li><li id="""">Modular+Site $1,370,000+</li><li id="""">3 bedroom + 3 Bath</li><li id="""">3 modules</li></ul><p></p>",https://cdn.prod.website-files.com/654e2d17ca02e3904b4df6c0/6802c21786c99030dceb745b_Annata%20Series%20-%204.10.25.pdf,annata
Elemental 1,elemental-1,658608d95b0868b3ba531a70,654e2d17ca02e3904b4df6bf,65940b72cfcc3b22c9dcfe18,false,false,Tue Jan 02 2024 13:11:14 GMT+0000 (Coordinated Universal Time),Fri Apr 18 2025 21:12:49 GMT+0000 (Coordinated Universal Time),Fri May 16 2025 19:47:09 GMT+0000 (Coordinated Universal Time),"<ul id=""""><li id="""">912 sqft</li><li id="""">Modular $273,600</li><li id="""">Modular+Site $520,000+</li><li id="""">1 bedroom</li><li id="""">1 bath</li><li id="""">1 modules</li></ul><p></p>",https://cdn.prod.website-files.com/654e2d17ca02e3904b4df6c0/6802bfb37077bb8d752f43ac_Elemental%20Series%204.10.25.pdf,elemental
Elemental 2,elemental-2,658608d95b0868b3ba531a70,654e2d17ca02e3904b4df6bf,65940b912710cf9627398cd8,false,false,Tue Jan 02 2024 13:11:45 GMT+0000 (Coordinated Universal Time),Fri Apr 18 2025 21:12:36 GMT+0000 (Coordinated Universal Time),Fri May 16 2025 19:47:09 GMT+0000 (Coordinated Universal Time),"<ul id=""""><li id="""">1,620 sqft</li><li id="""">NA</li><li id="""">Modular $486,000</li><li id="""">Modular+Site $920,000+</li><li id="""">3 bedroom, 2.5 bath</li><li id="""">3 modules</li></ul><p></p>",https://cdn.prod.website-files.com/654e2d17ca02e3904b4df6c0/6802bfb37077bb8d752f43ac_Elemental%20Series%204.10.25.pdf,elemental
Elemental 2.1,elemental-2-1,658608d95b0868b3ba531a70,654e2d17ca02e3904b4df6bf,65940baccf0cae594e46f1f8,false,false,Tue Jan 02 2024 13:12:12 GMT+0000 (Coordinated Universal Time),Fri Apr 18 2025 21:12:15 GMT+0000 (Coordinated Universal Time),Fri May 16 2025 19:47:09 GMT+0000 (Coordinated Universal Time),"<ul id=""""><li id="""">1,483</li><li id="""">NA</li><li id="""">Modular $444,900</li><li id="""">Modular+Site $850,000+</li><li id="""">3 bedroom, 2 bath</li><li id="""">2 modules</li></ul><p></p>",https://cdn.prod.website-files.com/654e2d17ca02e3904b4df6c0/6802bfb37077bb8d752f43ac_Elemental%20Series%204.10.25.pdf,elemental
Elemental 3,elemental-3,658608d95b0868b3ba531a70,654e2d17ca02e3904b4df6bf,65940bcb790f01c689c41a9c,false,false,Tue Jan 02 2024 13:12:43 GMT+0000 (Coordinated Universal Time),Fri Apr 18 2025 21:12:00 GMT+0000 (Coordinated Universal Time),Fri May 16 2025 19:47:09 GMT+0000 (Coordinated Universal Time),"<ul id=""""><li id="""">1,704 sqft</li><li id="""">516 garage sqft</li><li id="""">Modular $511,200</li><li id="""">Modular+Site $970,000+</li><li id="""">3 bedroom, 2.5 bath</li><li id="""">3 modules</li></ul>",https://cdn.prod.website-files.com/654e2d17ca02e3904b4df6c0/6802bfb37077bb8d752f43ac_Elemental%20Series%204.10.25.pdf,elemental
Elemental 4,elemental-4,658608d95b0868b3ba531a70,654e2d17ca02e3904b4df6bf,65940be87ffaaff086cb5dad,false,false,Tue Jan 02 2024 13:13:12 GMT+0000 (Coordinated Universal Time),Fri Apr 18 2025 22:01:55 GMT+0000 (Coordinated Universal Time),Fri May 16 2025 19:47:09 GMT+0000 (Coordinated Universal Time),"<ul id=""""><li id="""">2,052 sqft</li><li id="""">516 garage sqft</li><li id="""">Modular $615,600</li><li id="""">Modular+Site $1,170,000+</li><li id="""">3 bedroom, 2.5 bath</li><li id="""">4 modules</li></ul><p></p>",https://cdn.prod.website-files.com/654e2d17ca02e3904b4df6c0/6802bfb37077bb8d752f43ac_Elemental%20Series%204.10.25.pdf,elemental
Elemental 5,elemental-5,658608d95b0868b3ba531a70,654e2d17ca02e3904b4df6bf,65940c066ef6da57bc465594,false,false,Tue Jan 02 2024 13:13:42 GMT+0000 (Coordinated Universal Time),Fri Apr 18 2025 21:19:29 GMT+0000 (Coordinated Universal Time),Fri May 16 2025 19:47:09 GMT+0000 (Coordinated Universal Time),"<ul id=""""><li id="""">2500-3500 sqft</li><li id="""">Garage 624 sqft</li><li id="""">Modular $712,500+</li><li id="""">Modular+Site $1,350,000+</li><li id="""">4-5 bedroom, 3.5-5 bath</li><li id="""">6 modules</li></ul><p></p>",https://cdn.prod.website-files.com/654e2d17ca02e3904b4df6c0/6802bfb37077bb8d752f43ac_Elemental%20Series%204.10.25.pdf,elemental
M Loft,m-loft,658608d95b0868b3ba531a70,654e2d17ca02e3904b4df6bf,65940c4816cc4da81e217302,false,false,Tue Jan 02 2024 13:14:48 GMT+0000 (Coordinated Universal Time),Fri Apr 18 2025 21:10:00 GMT+0000 (Coordinated Universal Time),Fri May 16 2025 19:47:09 GMT+0000 (Coordinated Universal Time),"<ul id=""""><li id="""">834 sqft</li><li id="""">124 deck sqft</li><li id="""">Modular $258,540</li><li id="""">Modular+Site $490,000+</li><li id="""">1 bedroom + loft, 1 bath</li><li id="""">2 modules</li></ul><p></p>",https://cdn.prod.website-files.com/654e2d17ca02e3904b4df6c0/6802bf444f8d5e1b1e614722_M%20Series%20PDF_All_Revisions_2025-03-28.pdf,m
M+,m-plus,658608d95b0868b3ba531a70,654e2d17ca02e3904b4df6bf,65940c6597ad85178ff75d2d,false,false,Tue Jan 02 2024 13:15:17 GMT+0000 (Coordinated Universal Time),Fri Apr 18 2025 21:09:36 GMT+0000 (Coordinated Universal Time),Fri May 16 2025 19:47:09 GMT+0000 (Coordinated Universal Time),"<ul id=""""><li id="""">915–1,000 sqft</li><li id="""">365–450 deck sqft</li><li id="""">Modular $310,000+</li><li id="""">Modular+Site $590,000+</li><li id="""">2 bedroom, 2 bath</li><li id="""">2 modules</li></ul><p></p>",https://cdn.prod.website-files.com/654e2d17ca02e3904b4df6c0/6802bf444f8d5e1b1e614722_M%20Series%20PDF_All_Revisions_2025-03-28.pdf,m
M2,m2,658608d95b0868b3ba531a70,654e2d17ca02e3904b4df6bf,65940cc5851ed7d2994de3c6,false,false,Tue Jan 02 2024 13:16:53 GMT+0000 (Coordinated Universal Time),Fri Apr 18 2025 21:08:48 GMT+0000 (Coordinated Universal Time),Fri May 16 2025 19:47:09 GMT+0000 (Coordinated Universal Time),"<ul id=""""><li id="""">1,240 sqft</li><li id="""">248 deck sqft</li><li id="""">Modular $378,200</li><li id="""">Modular+Site $720,000+</li><li id="""">2 bedroom, 1.5 bath</li><li id="""">2 modules</li></ul><p></p>",https://cdn.prod.website-files.com/654e2d17ca02e3904b4df6c0/6802bf444f8d5e1b1e614722_M%20Series%20PDF_All_Revisions_2025-03-28.pdf,m
Method One Base,method-one,658608d95b0868b3ba531a70,654e2d17ca02e3904b4df6bf,69a8cf4bfad5d0cde3c661d7,false,true,Thu Mar 05 2026 00:33:14 GMT+0000 (Coordinated Universal Time),Thu Mar 05 2026 00:35:17 GMT+0000 (Coordinated Universal Time),,"<ul><li>640 sqft</li><li>Modular $265,000</li><li>Modular+Site $320,000+</li><li>1 bedroom, 1 bath</li><li>1 module</li></ul>",,method-one
Method One Upgraded,method-one-upgraded,658608d95b0868b3ba531a70,654e2d17ca02e3904b4df6bf,69a8cfd1759711605fd05094,false,true,Thu Mar 05 2026 00:35:29 GMT+0000 (Coordinated Universal Time),Thu Mar 05 2026 00:35:58 GMT+0000 (Coordinated Universal Time),,"<ul><li>640 sqft</li><li>Modular $310,000</li><li>Modular+Site $370,000+</li><li>1 bedroom, 1 bath</li><li>1 module</li></ul>",,method-one
Model 1,model-1,658608d95b0868b3ba531a70,654e2d17ca02e3904b4df6bf,65860e69241ed769aafc8535,false,false,Fri Dec 22 2023 22:32:09 GMT+0000 (Coordinated Universal Time),Fri Apr 18 2025 21:40:59 GMT+0000 (Coordinated Universal Time),Fri May 16 2025 19:47:09 GMT+0000 (Coordinated Universal Time),"<ul id=""""><li id="""">1,811 sqft</li><li id="""">Modular: $543,300</li><li id="""">Modular + Site: $1,030,000+</li><li id="""">2–3 Bedroom</li><li id="""">2 Bath</li><li id="""">4 or 5 modules</li></ul><p></p>",https://cdn.prod.website-files.com/654e2d17ca02e3904b4df6c0/6802c60272324cd4182301b9_Cabin%20Series%204.10.25.pdf,cabin
Model 2,model-2,658608d95b0868b3ba531a70,654e2d17ca02e3904b4df6bf,65860e8bf416b93129439342,false,false,Fri Dec 22 2023 22:32:43 GMT+0000 (Coordinated Universal Time),Fri Apr 18 2025 21:37:49 GMT+0000 (Coordinated Universal Time),Fri May 16 2025 19:47:09 GMT+0000 (Coordinated Universal Time),"<ul id=""""><li id="""">1,298 sqft</li><li id="""">Modular $389,400</li><li id="""">Modular+Site $740,000+</li><li id="""">2 bedroom</li><li id="""">1 bath</li><li id="""">3 modules</li></ul><p></p>",https://cdn.prod.website-files.com/654e2d17ca02e3904b4df6c0/6802c60272324cd4182301b9_Cabin%20Series%204.10.25.pdf,cabin
Model 2.1,model-2-1,658608d95b0868b3ba531a70,654e2d17ca02e3904b4df6bf,65860eb1729d999271d638ca,false,false,Fri Dec 22 2023 22:33:21 GMT+0000 (Coordinated Universal Time),Fri Dec 22 2023 22:56:32 GMT+0000 (Coordinated Universal Time),Fri May 16 2025 19:47:09 GMT+0000 (Coordinated Universal Time),"<ul id=""""><li id="""">1,298 sqft</li><li id="""">Modular $389,400</li><li id="""">Modular+Site $740,000+</li><li id="""">2 bedroom</li><li id="""">1.5 bath</li><li id="""">3 modules</li></ul><p></p>",https://uploads-ssl.webflow.com/654e2d17ca02e3904b4df6c0/65860ea64af0031b1fe4666c_Method%2BHomes%2BCabin%2BSeries%2BModel%2B2.1.pdf,cabin
Model 3,model-3,658608d95b0868b3ba531a70,654e2d17ca02e3904b4df6bf,65860ec83727765f3b8c939f,false,false,Fri Dec 22 2023 22:33:44 GMT+0000 (Coordinated Universal Time),Fri Dec 22 2023 22:56:18 GMT+0000 (Coordinated Universal Time),Fri May 16 2025 19:47:09 GMT+0000 (Coordinated Universal Time),"<ul id=""""><li id="""">1,471 sqft</li><li id="""">Modular $441,300</li><li id="""">Modular+Site $840,000+</li><li id="""">2 bedroom</li><li id="""">1.75 bath</li><li id="""">3 modules</li></ul><p></p>",https://uploads-ssl.webflow.com/654e2d17ca02e3904b4df6c0/65860ec47174edf33631b7ae_Method%2BHomes%2BCabin%2BSeries%2BModel%2B3.pdf,cabin
Model 4,model-4,658608d95b0868b3ba531a70,654e2d17ca02e3904b4df6bf,65860ee3230a455ac3cc90c1,false,false,Fri Dec 22 2023 22:34:11 GMT+0000 (Coordinated Universal Time),Fri Dec 22 2023 22:56:12 GMT+0000 (Coordinated Universal Time),Fri May 16 2025 19:47:09 GMT+0000 (Coordinated Universal Time),"<ul id=""""><li id="""">2,600 sqft</li><li id="""">Modular $754,000</li><li id="""">Modular+Site $1,430,000+</li><li id="""">3-4 bedroom</li><li id="""">3 bath</li><li id="""">5 modules</li></ul><p></p>",https://uploads-ssl.webflow.com/654e2d17ca02e3904b4df6c0/65860ee017c12763f861b3b8_Method%2BHomes%2BCabin%2BSeries%2BModel%2B4.pdf,cabin
Model M,model-m,658608d95b0868b3ba531a70,654e2d17ca02e3904b4df6bf,65871bded73e09aac438d675,false,false,Sat Dec 23 2023 17:41:50 GMT+0000 (Coordinated Universal Time),Fri Apr 18 2025 21:19:01 GMT+0000 (Coordinated Universal Time),Fri May 16 2025 19:47:09 GMT+0000 (Coordinated Universal Time),"<ul id=""""><li id="""">655 sqft</li><li id="""">155 deck sqft</li><li id="""">Modular $216,150</li><li id="""">Modular+Site $410,000+</li><li id="""">1 bedroom, 1 bath</li><li id="""">1 module</li></ul><p></p>",https://cdn.prod.website-files.com/654e2d17ca02e3904b4df6c0/6802bf444f8d5e1b1e614722_M%20Series%20PDF_All_Revisions_2025-03-28.pdf,m
Option 1.1,option-1-1,658608d95b0868b3ba531a70,654e2d17ca02e3904b4df6bf,65871c2700518a27e2ce6822,false,false,Sat Dec 23 2023 17:43:03 GMT+0000 (Coordinated Universal Time),Fri Apr 18 2025 21:14:34 GMT+0000 (Coordinated Universal Time),Fri May 16 2025 19:47:09 GMT+0000 (Coordinated Universal Time),"<ul id=""""><li>1 story</li><li id="""">922 sqft</li><li id="""">Modular $258,160</li><li id="""">Modular+Site $490,000+</li><li id="""">1 bedroom, 1.5 bath</li><li id="""">2 modules</li></ul>",https://cdn.prod.website-files.com/654e2d17ca02e3904b4df6c0/6802bd2f03f07b39bd440a7c_Option%20Series%204.10.25.pdf,option
Option 1.2,option-1-2,658608d95b0868b3ba531a70,654e2d17ca02e3904b4df6bf,65940e59169f4feeca28855f,false,false,Tue Jan 02 2024 13:23:37 GMT+0000 (Coordinated Universal Time),Fri Apr 18 2025 21:00:09 GMT+0000 (Coordinated Universal Time),Fri May 16 2025 19:47:09 GMT+0000 (Coordinated Universal Time),"<ul id=""""><li>1 story</li><li id="""">1028 sqft</li><li id="""">310 garage sqft</li><li id="""">Modular $287,840</li><li id="""">Modular+Site $550,000+</li><li id="""">1 bedroom, 1.5 bath</li><li id="""">2 modules</li></ul>",https://cdn.prod.website-files.com/654e2d17ca02e3904b4df6c0/6802bd2f03f07b39bd440a7c_Option%20Series%204.10.25.pdf,option
Option 1.3,option-1-3,658608d95b0868b3ba531a70,654e2d17ca02e3904b4df6bf,65940eb21778903621aced8e,false,false,Tue Jan 02 2024 13:25:06 GMT+0000 (Coordinated Universal Time),Fri Apr 18 2025 21:01:29 GMT+0000 (Coordinated Universal Time),Fri May 16 2025 19:47:09 GMT+0000 (Coordinated Universal Time),"<ul id=""""><li>1 story</li><li id="""">1338 sqft</li><li id="""">Modular $374,640</li><li id="""">Modular+Site $710,000+</li><li id="""">2 bedroom, 2 bath</li><li id="""">2 modules</li></ul>",https://cdn.prod.website-files.com/654e2d17ca02e3904b4df6c0/6802bd2f03f07b39bd440a7c_Option%20Series%204.10.25.pdf,option
Option 2.1,option-2-1,658608d95b0868b3ba531a70,654e2d17ca02e3904b4df6bf,65940f274eeb71d5dcea7e4e,false,false,Tue Jan 02 2024 13:27:03 GMT+0000 (Coordinated Universal Time),Fri Apr 18 2025 21:01:53 GMT+0000 (Coordinated Universal Time),Fri May 16 2025 19:47:09 GMT+0000 (Coordinated Universal Time),"<ul id=""""><li>2 stories</li><li id="""">1746 sqft</li><li id="""">532 garage sqft</li><li id="""">Modular $488,880</li><li id="""">Modular+Site $930,000+</li><li id="""">3 bedroom, 3 bath</li><li id="""">4 modules</li></ul>",https://cdn.prod.website-files.com/654e2d17ca02e3904b4df6c0/6802bd2f03f07b39bd440a7c_Option%20Series%204.10.25.pdf,option
Option 2.2,option-2-2,658608d95b0868b3ba531a70,654e2d17ca02e3904b4df6bf,65940f989e5c806d8cd6e1f2,false,false,Tue Jan 02 2024 13:28:56 GMT+0000 (Coordinated Universal Time),Fri Apr 18 2025 21:02:06 GMT+0000 (Coordinated Universal Time),Fri May 16 2025 19:47:09 GMT+0000 (Coordinated Universal Time),"<ul id=""""><li>2 stories</li><li id="""">2118 sqft</li><li id="""">Modular $593,040</li><li id="""">Modular+Site $1,120,000+</li><li id="""">3–4 bedroom, 2.5 bath</li><li id="""">4 modules</li></ul>",https://cdn.prod.website-files.com/654e2d17ca02e3904b4df6c0/6802bd2f03f07b39bd440a7c_Option%20Series%204.10.25.pdf,option
Option 2.3,option-2-3,658608d95b0868b3ba531a70,654e2d17ca02e3904b4df6bf,6594100573954868b9ddd395,false,false,Tue Jan 02 2024 13:30:45 GMT+0000 (Coordinated Universal Time),Fri Apr 18 2025 21:02:26 GMT+0000 (Coordinated Universal Time),Fri May 16 2025 19:47:09 GMT+0000 (Coordinated Universal Time),"<ul id=""""><li>2 stories</li><li id="""">2320 sqft</li><li id="""">310 garage sqft</li><li id="""">Modular $649,600</li><li id="""">Modular+Site $1,230,000+</li><li id="""">3–4 bedroom, 2.5–3 bath</li><li id="""">4 modules</li></ul>",https://cdn.prod.website-files.com/654e2d17ca02e3904b4df6c0/6802bd2f03f07b39bd440a7c_Option%20Series%204.10.25.pdf,option
Option 3.1,option-3-1,658608d95b0868b3ba531a70,654e2d17ca02e3904b4df6bf,659411730375bb61726ba17a,false,false,Tue Jan 02 2024 13:36:51 GMT+0000 (Coordinated Universal Time),Fri Apr 18 2025 21:02:45 GMT+0000 (Coordinated Universal Time),Fri May 16 2025 19:47:09 GMT+0000 (Coordinated Universal Time),"<ul id=""""><li id="""">3 stories</li><li id="""">1372 sqft</li><li id="""">372 garage sqft</li><li id="""">Modular $384,160</li><li id="""">Modular+Site $730,000+</li><li id="""">2 bedroom, 2 bath</li><li id="""">4 modules</li></ul>",https://cdn.prod.website-files.com/654e2d17ca02e3904b4df6c0/6802bd2f03f07b39bd440a7c_Option%20Series%204.10.25.pdf,option
Option 3.2,option-3-2,658608d95b0868b3ba531a70,654e2d17ca02e3904b4df6bf,659411d7730ac2c2610b4a28,false,false,Tue Jan 02 2024 13:38:31 GMT+0000 (Coordinated Universal Time),Fri Apr 18 2025 21:03:03 GMT+0000 (Coordinated Universal Time),Fri May 16 2025 19:47:09 GMT+0000 (Coordinated Universal Time),"<ul id=""""><li id="""">2146 sqft</li><li id="""">681 garage + lower level sqft</li><li id="""">Modular $600,880</li><li id="""">Modular+Site $1,140,000+</li><li id="""">3–4 bedroom, 3 bath</li><li id="""">4–6 modules</li></ul><p></p>",https://cdn.prod.website-files.com/654e2d17ca02e3904b4df6c0/6802bd2f03f07b39bd440a7c_Option%20Series%204.10.25.pdf,option
Option 3.3,option-3-3,658608d95b0868b3ba531a70,654e2d17ca02e3904b4df6bf,6594122b7da1e8db6303db86,false,true,Tue Jan 02 2024 13:39:55 GMT+0000 (Coordinated Universal Time),Thu Mar 05 2026 00:33:53 GMT+0000 (Coordinated Universal Time),Fri May 16 2025 19:47:09 GMT+0000 (Coordinated Universal Time),"<ul><li>2216 sqft</li><li>692 garage sqft</li><li>Modular $620,480</li><li>Modular+Site $1,180,000+</li><li>3–4 bedroom, 3 bath</li><li>4–6 modules</li></ul>",https://cdn.prod.website-files.com/654e2d17ca02e3904b4df6c0/6802bd2f03f07b39bd440a7c_Option%20Series%204.10.25.pdf,option
Paradigm I,paradigm-1,658608d95b0868b3ba531a70,654e2d17ca02e3904b4df6bf,65871c5aa6298c932ca74ff1,false,false,Sat Dec 23 2023 17:43:54 GMT+0000 (Coordinated Universal Time),Fri Apr 18 2025 21:14:18 GMT+0000 (Coordinated Universal Time),Fri May 16 2025 19:47:09 GMT+0000 (Coordinated Universal Time),"<ul id=""""><li id="""">656 sqft</li><li id="""">Modular $203,360</li><li id="""">Modular+Site $390,000+</li><li id="""">Studio</li><li id="""">1 bath</li></ul>",https://cdn.prod.website-files.com/654e2d17ca02e3904b4df6c0/6802c07cf0f78b88686e129b_Paradigm%20Series%204.10.25.pdf,paradigm
Paradigm II,paradigm-2,658608d95b0868b3ba531a70,654e2d17ca02e3904b4df6bf,65940a7c7186680090de67c0,false,false,Tue Jan 02 2024 13:07:08 GMT+0000 (Coordinated Universal Time),Fri Apr 18 2025 21:14:01 GMT+0000 (Coordinated Universal Time),Fri May 16 2025 19:47:09 GMT+0000 (Coordinated Universal Time),"<ul id=""""><li id="""">1,312 sqft</li><li id="""">Modular $400,160</li><li id="""">Modular+Site $760,000+</li><li id="""">2 bedroom</li><li id="""">1.5 bath</li><li id="""">2 modules</li></ul>",https://cdn.prod.website-files.com/654e2d17ca02e3904b4df6c0/6802c07cf0f78b88686e129b_Paradigm%20Series%204.10.25.pdf,paradigm
Paradigm III,paradigm-iii,658608d95b0868b3ba531a70,654e2d17ca02e3904b4df6bf,65940aa054176ac668cb4bd7,false,false,Tue Jan 02 2024 13:07:44 GMT+0000 (Coordinated Universal Time),Fri Apr 18 2025 21:13:37 GMT+0000 (Coordinated Universal Time),Fri May 16 2025 19:47:09 GMT+0000 (Coordinated Universal Time),"<ul id=""""><li id="""">1,868 sqft</li><li id="""">Modular $569,740</li><li id="""">Modular+Site $1,080,000+</li><li id="""">3 bedroom + study</li><li id="""">2 bath</li><li id="""">3 modules</li></ul><p></p>",https://cdn.prod.website-files.com/654e2d17ca02e3904b4df6c0/6802c07cf0f78b88686e129b_Paradigm%20Series%204.10.25.pdf,paradigm
Pivot,pivot,658608d95b0868b3ba531a70,654e2d17ca02e3904b4df6bf,65871ba5451824c5a43d11d2,false,false,Sat Dec 23 2023 17:40:53 GMT+0000 (Coordinated Universal Time),Fri Apr 18 2025 21:43:57 GMT+0000 (Coordinated Universal Time),Fri May 16 2025 19:47:09 GMT+0000 (Coordinated Universal Time),"<ul id=""""><li id="""">1,643 sqft</li><li id="""">Modular: $509,330</li><li id="""">Modular + Site: $970,000+</li><li id="""">2–3 Bedroom</li><li id="""">2 Bath</li><li id="""">2 modules</li></ul><p></p>",https://cdn.prod.website-files.com/654e2d17ca02e3904b4df6c0/6802bfb37077bb8d752f43ac_Elemental%20Series%204.10.25.pdf,elemental
Shift,shift,658608d95b0868b3ba531a70,654e2d17ca02e3904b4df6bf,65940b5432571becf282fca2,false,false,Tue Jan 02 2024 13:10:44 GMT+0000 (Coordinated Universal Time),Fri Apr 18 2025 21:36:53 GMT+0000 (Coordinated Universal Time),Fri May 16 2025 19:47:09 GMT+0000 (Coordinated Universal Time),"<ul id=""""><li id="""">1,821 sqft</li><li id="""">Modular $564,510</li><li id="""">Modular+Site $1,070,000+</li><li id="""">2 bedroom</li><li id="""">1 bath</li><li id="""">2 modules</li></ul><p></p>",https://cdn.prod.website-files.com/654e2d17ca02e3904b4df6c0/6802bfb37077bb8d752f43ac_Elemental%20Series%204.10.25.pdf,elemental
