Project Name,Slug,Collection ID,Locale ID,Item ID,Archived,Draft,Created On,Updated On,Published On,Short Title,Property Short Description,Order (for portfolio sort),Design Team: Architect,Design Team: Landscape Architect,Design Team: General Contractor,Design Team: Interior Designer,Installation Location,Feature Image,Property Gallery,(Optional) Property Long Description,Property Type,Category Featured,Homepage Featured,Property Series,Installation State,Property Status,Bedrooms,Bathrooms,Square Feet: For Filter,Square Feet: Displayed on page
Bainbridge Island Custom Designed by Grouparchitect,bainbridge-island-custom,654e2d17a01afbcbb2e7fdc5,654e2d17ca02e3904b4df6bf,65dfc60ae2a033455807dc69,false,true,Wed Feb 28 2024 23:47:22 GMT+0000 (Coordinated Universal Time),Sun May 05 2024 23:02:27 GMT+0000 (Coordinated Universal Time),,Bainbridge Island,"A three bedroom, two bath home located on a high waterfront lot overlooking the ferry terminal. Generous windows throughout allow for views from nearly every room in the home.",68,Grouparchitect,,,,"Bainbridge Island, WA",https://uploads-ssl.webflow.com/654e2d17ca02e3904b4df6c0/65e3583e008b7ba278a10410_Bainbridge_1.webp,https://uploads-ssl.webflow.com/654e2d17ca02e3904b4df6c0/65e35841c1644f760b082eb3_bainbridge_4.webp; https://uploads-ssl.webflow.com/654e2d17ca02e3904b4df6c0/65e35841eb400de6d4c1e9bf_bainbridge_3.webp; https://uploads-ssl.webflow.com/654e2d17ca02e3904b4df6c0/65e358419f2df27e8311d6b6_bainbridge_2.webp; https://uploads-ssl.webflow.com/654e2d17ca02e3904b4df6c0/65e3583e008b7ba278a10410_Bainbridge_1.webp,,Custom,false,false,NA - Custom,Washington,Completed,,,,
Bainbridge Island Option Designed by Grouparchitect,bainbridge-island-option,654e2d17a01afbcbb2e7fdc5,654e2d17ca02e3904b4df6bf,65dfc60b28cd56e7ac9b2896,false,false,Wed Feb 28 2024 23:47:23 GMT+0000 (Coordinated Universal Time),Sat Mar 02 2024 19:53:00 GMT+0000 (Coordinated Universal Time),Fri May 16 2025 19:47:09 GMT+0000 (Coordinated Universal Time),Bainbridge Island Option,Option series home with a roof deck and site built garage.,71,Grouparchitect,,,,"Bainbridge Island, WA",https://uploads-ssl.webflow.com/654e2d17ca02e3904b4df6c0/65e35f9c0caabe7e98ba7fac_bainbridge-option-ext-NE.webp,https://uploads-ssl.webflow.com/654e2d17ca02e3904b4df6c0/65e35f9c0caabe7e98ba7fac_bainbridge-option-ext-NE.webp; https://uploads-ssl.webflow.com/654e2d17ca02e3904b4df6c0/65e35f9fe7efeef17e1f8651_bainbridge-option-ext-SE.webp,,Predesigned,false,false,Option,Washington,Completed,,,,
Big Creek Ranch Cabin Designed by Prentiss + Balance + Wickline Architects,big-creek-ranch-cabin,654e2d17a01afbcbb2e7fdc5,654e2d17ca02e3904b4df6bf,65dfc608880868110398bae5,false,false,Wed Feb 28 2024 23:47:20 GMT+0000 (Coordinated Universal Time),Sat Mar 02 2024 19:50:05 GMT+0000 (Coordinated Universal Time),Fri May 16 2025 19:47:09 GMT+0000 (Coordinated Universal Time),Big Creek Ranch Cabin,"Sitting side by side a Method Cabin Model 4, BCR 1 is a modern cabin on 6,000 acres of ranch land in Idaho’s Pahsimeroi Valley. The 2 bedroom, 2 bath home was built to keep in mind the site’s existing footprint.",39,Prentiss + Balance + Wickline Architects,,,,"Pahsimeroi Valley, ID",https://uploads-ssl.webflow.com/654e2d17ca02e3904b4df6c0/65e324a7746dd3ee8ae0b713_69.webp,https://uploads-ssl.webflow.com/654e2d17ca02e3904b4df6c0/65e324ac51f6693a3a1484ed_518.webp; https://uploads-ssl.webflow.com/654e2d17ca02e3904b4df6c0/65e324abe6faceda60580db8_417.webp; https://uploads-ssl.webflow.com/654e2d17ca02e3904b4df6c0/65e324acf6f75a1fc7d2a231_317.webp; https://uploads-ssl.webflow.com/654e2d17ca02e3904b4df6c0/65e324acc91cdddacc79bfda_219.webp; https://uploads-ssl.webflow.com/654e2d17ca02e3904b4df6c0/65e324a7746dd3ee8ae0b713_69.webp,"<figure class=""w-richtext-figure-type-video w-richtext-align-center"" style=""padding-bottom:44.25%"" data-rt-type=""video"" data-rt-align=""center"" data-rt-max-width="""" data-rt-max-height=""44.25%"" data-rt-dimensions=""640:472"" data-page-url=""https://vimeo.com/27732068""><div><iframe src=""https://player.vimeo.com/video/27732068"" title=""Big Creek Ranch Set"" scrolling=""no"" frameborder=""0"" allowfullscreen=""true""></iframe></div></figure><ul id=""""><li><strong id="""">Features</strong></li><li>VG Fir doors and trim</li><li>VG Fir tongue and groove ceiling</li><li>Custom Fir cabinets and built-ins</li><li>Infloor hydronic radiant heat</li><li>Prewired for solar and hot water preheat</li><li>Standing seam metal roof</li><li>Bamboo composite decking</li><li>HRV with clean air hepa filter</li><li>Hardie siding with rain screen</li><li>Soy based spray foam insulation with high r-value</li></ul><p>‍</p>",Predesigned,false,false,Cabin,Idaho,Completed,,,,
Big Creek Ranch Cabin II Designed by Prentiss + Balance + Wickline Architects,big-creek-ranch-cabin-ii,654e2d17a01afbcbb2e7fdc5,654e2d17ca02e3904b4df6bf,65dfc6096b39776ce0892fba,false,false,Wed Feb 28 2024 23:47:21 GMT+0000 (Coordinated Universal Time),Sat Mar 02 2024 19:51:11 GMT+0000 (Coordinated Universal Time),Fri May 16 2025 19:47:09 GMT+0000 (Coordinated Universal Time),Big Creek Ranch Cabin II,"Sitting side by side a Method Cabin Model 1, BCR 4 is a modern cabin on 6,000 acres of ranch land in Idaho’s Pahsimeroi Valley. The 3 bedroom, 3 bath home was built to keep in mind the site’s existing footprint.",50,Prentiss + Balance + Wickline Architects,,,,"Pahsimeroi Valley, ID",https://uploads-ssl.webflow.com/654e2d17ca02e3904b4df6c0/65e325a6061034866969bac1_316.webp,https://uploads-ssl.webflow.com/654e2d17ca02e3904b4df6c0/65e325aa72b09b5817a253c5_517.webp; https://uploads-ssl.webflow.com/654e2d17ca02e3904b4df6c0/65e325aab8f69754a4ea76df_416.webp; https://uploads-ssl.webflow.com/654e2d17ca02e3904b4df6c0/65e325a6061034866969bac1_316.webp; https://uploads-ssl.webflow.com/654e2d17ca02e3904b4df6c0/65e325aa008b7ba278893e2a_218.webp; https://uploads-ssl.webflow.com/654e2d17ca02e3904b4df6c0/65e325aabb56a777f0afba97_148.webp,"<figure class=""w-richtext-figure-type-video w-richtext-align-center"" style=""padding-bottom:44.25%"" data-rt-type=""video"" data-rt-align=""center"" data-rt-max-width="""" data-rt-max-height=""44.25%"" data-rt-dimensions=""640:472"" data-page-url=""https://vimeo.com/27732068""><div><iframe src=""https://player.vimeo.com/video/27732068"" title=""Big Creek Ranch Set"" scrolling=""no"" frameborder=""0"" allowfullscreen=""true""></iframe></div></figure><ul id=""""><li><strong id="""">Features</strong></li><li>VG Fir Doors and Trim</li><li>VG Fir tongue and groove ceiling</li><li>Custom fir cabinets and built-ins</li><li>Infloor hydronic radiant heat</li><li>Prewired for solar and hot water preheat</li><li>Standing seam metal roof</li><li>Bamboo composite decking</li><li>HRV with clean air hepa filter</li><li>Hardie siding with rain screen</li><li>Soy based spray foam insulation with high R-value</li></ul>",Predesigned,false,false,Cabin,Idaho,Completed,,,,
Brittania Beach Custom Designed by Grouparchitect,brittania-beach-custom,654e2d17a01afbcbb2e7fdc5,654e2d17ca02e3904b4df6bf,65dfc60a9a8a7f4bf25ac4e4,false,true,Wed Feb 28 2024 23:47:22 GMT+0000 (Coordinated Universal Time),Sun May 05 2024 23:02:25 GMT+0000 (Coordinated Universal Time),,Brittania Beach,"Located in a small beach community, Britannia is a fully custom 4 bedroom, 4 bath home designed for aging in place.",63,Grouparchitect,,,,"Brittania Beach, BC",https://uploads-ssl.webflow.com/654e2d17ca02e3904b4df6c0/65e358e92c3b5423444a3238_514.webp,https://uploads-ssl.webflow.com/654e2d17ca02e3904b4df6c0/65e358edb0108aa9f3c05530_145.webp; https://uploads-ssl.webflow.com/654e2d17ca02e3904b4df6c0/65e358ed07c381b94f8bc787_216.webp; https://uploads-ssl.webflow.com/654e2d17ca02e3904b4df6c0/65e358ed9f2df27e8312234b_314.webp; https://uploads-ssl.webflow.com/654e2d17ca02e3904b4df6c0/65e358ede8a0291ec92443a2_414.webp; https://uploads-ssl.webflow.com/654e2d17ca02e3904b4df6c0/65e358e92c3b5423444a3238_514.webp,"<figure class=""w-richtext-figure-type-video w-richtext-align-center"" style=""padding-bottom:33.75%"" data-rt-type=""video"" data-rt-align=""center"" data-rt-max-width="""" data-rt-max-height=""33.75%"" data-rt-dimensions=""640:360"" data-page-url=""https://vimeo.com/44534041""><div><iframe src=""https://player.vimeo.com/video/44534041"" title=""Venice Beach Set"" scrolling=""no"" frameborder=""0"" allowfullscreen=""true""></iframe></div></figure><ul id=""""><li><strong id="""">Features</strong></li><li>Mother-in-Law suite</li><li>Shaft for future elevator</li><li>Cement fiber board rain screen siding</li><li>Sliding barn door</li><li>Curbless shower</li><li>Bamboo composite decking</li><li>Solar hot water preheat</li><li>Solar PV array</li><li>Heat Recovery Ventilation system (HRV)</li><li>Insert high efficiency fireplaces</li><li>FSC Maple cabinetry</li></ul>",Custom,false,false,NA - Custom,British Columbia,Completed,,,,
Bryant Option Designed by Grouparchitect,bryant-option,654e2d17a01afbcbb2e7fdc5,654e2d17ca02e3904b4df6bf,6590a1453df5ab48d5ea6cdc,false,false,Sat Dec 30 2023 23:01:25 GMT+0000 (Coordinated Universal Time),Sat Mar 02 2024 19:47:54 GMT+0000 (Coordinated Universal Time),Fri May 16 2025 19:47:09 GMT+0000 (Coordinated Universal Time),Bryant Option,"This two story home fits perfectly into the neighborhood, effiecnetly designed from the Option Series and custom built by Method",22,Grouparchitect,,,,Unknown,https://uploads-ssl.webflow.com/654e2d17ca02e3904b4df6c0/6590a0b5bf12377084528ef7_Grouparchitect_Bryant_Optioan_1648-018.jpg,https://uploads-ssl.webflow.com/654e2d17ca02e3904b4df6c0/6590a0b5bf12377084528ef7_Grouparchitect_Bryant_Optioan_1648-018.jpg; https://uploads-ssl.webflow.com/654e2d17ca02e3904b4df6c0/6590a1211b8228ed89fddd42_Grouparchitect_Bryant_Optioan_1648-004.jpg; https://uploads-ssl.webflow.com/654e2d17ca02e3904b4df6c0/6590a12188515e0f9ffd9380_BRYANT_OPTION_1648_highres-001.jpg; https://uploads-ssl.webflow.com/654e2d17ca02e3904b4df6c0/6590a121ceefdb2a6e4c0a65_Grouparchitect_Bryant_Optioan_1648-005.jpg; https://uploads-ssl.webflow.com/654e2d17ca02e3904b4df6c0/6590a121bf1237708452c4e3_Grouparchitect_Bryant_Optioan_1648-001.jpg; https://uploads-ssl.webflow.com/654e2d17ca02e3904b4df6c0/6590a12164aed4b6f4095477_Grouparchitect_Bryant_Optioan_1648-006.jpg; https://uploads-ssl.webflow.com/654e2d17ca02e3904b4df6c0/6590a1210382270a5465cbe9_Grouparchitect_Bryant_Optioan_1648-002.jpg; https://uploads-ssl.webflow.com/654e2d17ca02e3904b4df6c0/6590a12109103cb044e8e20c_Grouparchitect_Bryant_Optioan_1648-007.jpg; https://uploads-ssl.webflow.com/654e2d17ca02e3904b4df6c0/6590a121ba4ede766bb363ad_Grouparchitect_Bryant_Optioan_1648-013.jpg; https://uploads-ssl.webflow.com/654e2d17ca02e3904b4df6c0/6590a12184e17dc3690bfc6a_Grouparchitect_Bryant_Optioan_1648-014.jpg; https://uploads-ssl.webflow.com/654e2d17ca02e3904b4df6c0/6590a121ab58e12a9551b025_Grouparchitect_Bryant_Optioan_1648-012.jpg; https://uploads-ssl.webflow.com/654e2d17ca02e3904b4df6c0/6590a1212aff0819be78769e_Grouparchitect_Bryant_Optioan_1648-011.jpg; https://uploads-ssl.webflow.com/654e2d17ca02e3904b4df6c0/6590a12150e3623a107229ee_Grouparchitect_Bryant_Optioan_1648-017.jpg; https://uploads-ssl.webflow.com/654e2d17ca02e3904b4df6c0/6590a1217efcce564b10ec9d_Grouparchitect_Bryant_Optioan_1648-019.jpg; https://uploads-ssl.webflow.com/654e2d17ca02e3904b4df6c0/6590a1215c6a685e7189c541_Grouparchitect_Bryant_Optioan_1648-010.jpg; https://uploads-ssl.webflow.com/654e2d17ca02e3904b4df6c0/6590a12184e17dc3690bfc44_Grouparchitect_Bryant_Optioan_1648-021.jpg; https://uploads-ssl.webflow.com/654e2d17ca02e3904b4df6c0/6590a121ba48a05dfdf46bca_Grouparchitect_Bryant_Optioan_1648-020.jpg; https://uploads-ssl.webflow.com/654e2d17ca02e3904b4df6c0/6590a121ba48a05dfdf46bc4_Grouparchitect_Bryant_Optioan_1648-016.jpg; https://uploads-ssl.webflow.com/654e2d17ca02e3904b4df6c0/6590a121ab58e12a9551b002_Grouparchitect_Bryant_Optioan_1648-009.jpg; https://uploads-ssl.webflow.com/654e2d17ca02e3904b4df6c0/6590a12164aed4b6f409520d_Grouparchitect_Bryant_Optioan_1648-015.jpg; https://uploads-ssl.webflow.com/654e2d17ca02e3904b4df6c0/6590a121ab58e12a9551b011_Grouparchitect_Bryant_Optioan_1648-008.jpg; https://uploads-ssl.webflow.com/654e2d17ca02e3904b4df6c0/6590a121dc5277418377a061_Grouparchitect_Bryant_Optioan_1648-003.jpg,,Predesigned,true,false,Option,California,Completed,99,99,999,999
Camano 2M Shift,camano-shift,654e2d17a01afbcbb2e7fdc5,654e2d17ca02e3904b4df6bf,656778d85da7109b4d68b8d7,false,false,Wed Nov 29 2023 17:46:00 GMT+0000 (Coordinated Universal Time),Sat Mar 23 2024 01:13:33 GMT+0000 (Coordinated Universal Time),Fri May 16 2025 19:47:09 GMT+0000 (Coordinated Universal Time),Camano Shift,Two large mods are offset providing a large protected deck that embraces the surrounding natural beauty of the island.,6,Chris Pardo Design Elemental Architecture,,,,"Camano Island, WA",https://uploads-ssl.webflow.com/654e2d17ca02e3904b4df6c0/65e4c20c9dfb1e57e750777c_camano%202m%20shift%20prefabricated%20home%20by%20method%20homes.webp,https://uploads-ssl.webflow.com/654e2d17ca02e3904b4df6c0/656778f1e4cf298e0b052239_camano%20shift.jpeg; https://uploads-ssl.webflow.com/654e2d17ca02e3904b4df6c0/65677905d5169dfe9ce9edcc_170824-026%20(1).jpg; https://uploads-ssl.webflow.com/654e2d17ca02e3904b4df6c0/6567790b1793717a9e152a87_170824-027%20(1).jpg; https://uploads-ssl.webflow.com/654e2d17ca02e3904b4df6c0/65677911be8333b12414fc45_170824-030%20(1).jpg; https://uploads-ssl.webflow.com/654e2d17ca02e3904b4df6c0/65677917c7f2428b834b1c21_170824-032%20(1).jpg; https://uploads-ssl.webflow.com/654e2d17ca02e3904b4df6c0/6567791e88312bd517e9a12f_170824-034%20(1).jpg; https://uploads-ssl.webflow.com/654e2d17ca02e3904b4df6c0/65677930f6eff5bbfa12d402_170824-040%20(1).jpg; https://uploads-ssl.webflow.com/654e2d17ca02e3904b4df6c0/656779367e368a8be68c1b0e_170824-001%20(1).jpg; https://uploads-ssl.webflow.com/654e2d17ca02e3904b4df6c0/6567793b7a05efec3e70d2cd_170824-002%20(1).jpg; https://uploads-ssl.webflow.com/654e2d17ca02e3904b4df6c0/656779425ba3eac7518c7969_170824-003%20(1).jpg; https://uploads-ssl.webflow.com/654e2d17ca02e3904b4df6c0/6567794699a5c81d8d060822_170824-004%20(1).jpg; https://uploads-ssl.webflow.com/654e2d17ca02e3904b4df6c0/6567794988312bd517e9b79b_170824-005%20(1).jpg; https://uploads-ssl.webflow.com/654e2d17ca02e3904b4df6c0/6567794d695db4c654bbb1b4_170824-006%20(1).jpg; https://uploads-ssl.webflow.com/654e2d17ca02e3904b4df6c0/6567795331e9a39323eabc6a_170824-007%20(1).jpg; https://uploads-ssl.webflow.com/654e2d17ca02e3904b4df6c0/6567795788312bd517e9bd4b_170824-008%20(1).jpg; https://uploads-ssl.webflow.com/654e2d17ca02e3904b4df6c0/6567795b5742dc15242a5520_170824-009%20(1).jpg; https://uploads-ssl.webflow.com/654e2d17ca02e3904b4df6c0/6567795e9e24255875ee57bf_170824-010%20(1).jpg; https://uploads-ssl.webflow.com/654e2d17ca02e3904b4df6c0/6567796204fb60609608fb2e_170824-011%20(1).jpg; https://uploads-ssl.webflow.com/654e2d17ca02e3904b4df6c0/656779775ba3eac7518c92a5_170824-017%20(1).jpg; https://uploads-ssl.webflow.com/654e2d17ca02e3904b4df6c0/6567797ae08b13325a61b414_170824-018%20(1).jpg; https://uploads-ssl.webflow.com/654e2d17ca02e3904b4df6c0/656779837ea32e840ca72031_170824-020%20(1).jpg; https://uploads-ssl.webflow.com/654e2d17ca02e3904b4df6c0/656779882b506c5a7a1e6617_170824-021%20(1).jpg; https://uploads-ssl.webflow.com/654e2d17ca02e3904b4df6c0/65677995f6eff5bbfa131988_170824-025%20(1).jpg,,Predesigned,true,false,M,Washington,Completed,99,99,99999,99999
Cascade Custom Designed by David Foster Architects,cascade-custom,654e2d17a01afbcbb2e7fdc5,654e2d17ca02e3904b4df6bf,65dfc60a36d862b370eb1d60,false,true,Wed Feb 28 2024 23:47:22 GMT+0000 (Coordinated Universal Time),Sun May 05 2024 23:02:26 GMT+0000 (Coordinated Universal Time),,Cascade Custom,"This 3-bedroom, 2 bath home designed to fit on a steep urban infill lot is one of Seattle’s first modular homes to receive LEED Platinum certification. With a design focused on livability, the open floorplan is designed for homeowners to work and play at home.",59,David Foster Architects,,,,"Seattle, WA",https://uploads-ssl.webflow.com/654e2d17ca02e3904b4df6c0/65e358ac2688029857c66e49_cascade.webp,https://uploads-ssl.webflow.com/654e2d17ca02e3904b4df6c0/65e358afca52a50bf9487b15_Cascade_Office_Web1.webp; https://uploads-ssl.webflow.com/654e2d17ca02e3904b4df6c0/65e358ac2688029857c66e49_cascade.webp; https://uploads-ssl.webflow.com/654e2d17ca02e3904b4df6c0/65e358afeb400de6d4c22e11_Cascade_Living_Web1.webp; https://uploads-ssl.webflow.com/654e2d17ca02e3904b4df6c0/65e358afaf43e88c4ff7180c_Cascade_Kitchen_Web1.webp; https://uploads-ssl.webflow.com/654e2d17ca02e3904b4df6c0/65e358af86d406cbba997ef2_Cascade_Kitchen_Stairs_Web2.webp; https://uploads-ssl.webflow.com/654e2d17ca02e3904b4df6c0/65e358af49926d7d9d77fa44_Cascade_Bed_Web1.webp; https://uploads-ssl.webflow.com/654e2d17ca02e3904b4df6c0/65e358af2688029857c66f96_Cascade_Bed_2_Web1.webp,"<figure class=""w-richtext-figure-type-video w-richtext-align-center"" style=""padding-bottom:44.25%"" data-rt-type=""video"" data-rt-align=""center"" data-rt-max-width="""" data-rt-max-height=""44.25%"" data-rt-dimensions=""640:472"" data-page-url=""https://vimeo.com/35300202""><div><iframe src=""https://player.vimeo.com/video/35300202"" title=""Cascade Set"" scrolling=""no"" frameborder=""0"" allowfullscreen=""true""></iframe></div></figure><ul id=""""><li><strong id="""">Features</strong></li><li>Ductless mini-split heating system</li><li>Triple glazed windows with U value of .20 and better</li><li>Super insulated envelope with 2″ rigid insulation exterior wrap</li><li>Butterfly roof</li><li>Zero VOC paints</li><li>FSC bamboo hardwood floors</li><li>Composite decking</li><li>Fiber cement and cedar siding</li><li>Garage pre-wired for electric car charging</li></ul>",Custom,false,false,NA - Custom,Washington,Completed,,,,
Coastal Cabin Designed by Prentiss + Balance + Wickline Architects,coastal-cabin,654e2d17a01afbcbb2e7fdc5,654e2d17ca02e3904b4df6bf,65dfc608c8169dc060d90616,false,false,Wed Feb 28 2024 23:47:20 GMT+0000 (Coordinated Universal Time),Sat Mar 02 2024 19:50:30 GMT+0000 (Coordinated Universal Time),Fri May 16 2025 19:47:09 GMT+0000 (Coordinated Universal Time),Coastal Cabin,A picturesque cabin on the Oregon coast.,42,Prentiss + Balance + Wickline Architects,,,,"Cannon Beach, OR",https://uploads-ssl.webflow.com/654e2d17ca02e3904b4df6c0/65e25f967aaf5c2c6286b9ad_Cove_Beach_Aerial-0053.webp,https://uploads-ssl.webflow.com/654e2d17ca02e3904b4df6c0/65e25f967aaf5c2c6286b9ad_Cove_Beach_Aerial-0053.webp; https://uploads-ssl.webflow.com/654e2d17ca02e3904b4df6c0/65e25f9678ed7dd08c4cc5bb_Cove_Beach_Wide_Exterior_Sunset-10.webp; https://uploads-ssl.webflow.com/654e2d17ca02e3904b4df6c0/65e25f966ee7e5acd12a4857_Cove_Beach_Wide_Interior-2407.webp; https://uploads-ssl.webflow.com/654e2d17ca02e3904b4df6c0/65e25f91266051d61516a020_Cove_Beach_Wide_Interior-2452.webp,,Predesigned,false,false,Cabin,Oregon,Completed,,,,
Custom Elemental 5 Designed by Elemental Architecture,custom-elemental-5,654e2d17a01afbcbb2e7fdc5,654e2d17ca02e3904b4df6bf,65dfc609263944170d911121,false,false,Wed Feb 28 2024 23:47:21 GMT+0000 (Coordinated Universal Time),Sat Mar 02 2024 19:50:51 GMT+0000 (Coordinated Universal Time),Fri May 16 2025 19:47:09 GMT+0000 (Coordinated Universal Time),Custom Elemental 5,"A custom home designed to take advantage of coastal views. Design by Elemental Architects. 2821 sq ft, modular.",46,Elemental Architecture,,,,"Unknown, CA",https://uploads-ssl.webflow.com/654e2d17ca02e3904b4df6c0/65e32677b726d93dd0ee5edc_IMG_9349.webp,https://uploads-ssl.webflow.com/654e2d17ca02e3904b4df6c0/65e32677b726d93dd0ee5edc_IMG_9349.webp; https://uploads-ssl.webflow.com/654e2d17ca02e3904b4df6c0/65e3267cb9e36bc163c28adc_IMG_9358-1.webp; https://uploads-ssl.webflow.com/654e2d17ca02e3904b4df6c0/65e3267c2c3b542344325f9b_IMG_9376.webp,,Predesigned,false,false,Elemental,California,Completed,,,,
Deming M2 Designed by Balance Associates Architects,deming-m2,654e2d17a01afbcbb2e7fdc5,654e2d17ca02e3904b4df6bf,65dfc608ed99bfb34204cede,false,false,Wed Feb 28 2024 23:47:20 GMT+0000 (Coordinated Universal Time),Sat Mar 02 2024 19:50:39 GMT+0000 (Coordinated Universal Time),Fri May 16 2025 19:47:09 GMT+0000 (Coordinated Universal Time),Deming M2,"The two bedroom, 1.5 bath M2 offers privacy from the street while still allowing for abundant light in its interiors. The living/dining and bedroom modules are connected by a suspended glass-filled bridge.",44,Balance Associates Architects,,,,"Deming, WA",https://uploads-ssl.webflow.com/654e2d17ca02e3904b4df6c0/65e31a4c8aa7b3b27a1baf33_slider4.webp,https://uploads-ssl.webflow.com/654e2d17ca02e3904b4df6c0/65e31a4c8aa7b3b27a1baf33_slider4.webp; https://uploads-ssl.webflow.com/654e2d17ca02e3904b4df6c0/65e31a5089900dcab698590a_M2-front.webp; https://uploads-ssl.webflow.com/654e2d17ca02e3904b4df6c0/65e31a50da09c9dc62abd2ac_M2-entry.webp; https://uploads-ssl.webflow.com/654e2d17ca02e3904b4df6c0/65e31a508aa7b3b27a1bb141_Kitchen.webp; https://uploads-ssl.webflow.com/654e2d17ca02e3904b4df6c0/65e31a50b9ddb1c6aa8c68c9_Dining-3.webp; https://uploads-ssl.webflow.com/654e2d17ca02e3904b4df6c0/65e31a5011db9df4ad2a8633_Bedroom.webp,"<figure class=""w-richtext-figure-type-video w-richtext-align-center"" style=""padding-bottom:44.23963133640553%"" data-rt-type=""video"" data-rt-align=""center"" data-rt-max-width="""" data-rt-max-height=""44.23963133640553%"" data-rt-dimensions=""434:320"" data-page-url=""https://vimeo.com/28698107""><div><iframe src=""https://player.vimeo.com/video/28698107"" title=""M2 Series Set"" scrolling=""no"" frameborder=""0"" allowfullscreen=""true""></iframe></div></figure><ul id=""""><li><strong id="""">Features</strong></li><li>Rough-sawn Okoume plywood ceilings</li><li>Corrugated metal siding</li><li>2 bedrooms</li><li>1.5 baths</li><li>Attached exterior storage space</li><li>FSC Maple floors and cabinets</li><li>Energy-efficient ductless mini-split heating system</li><li>Aluminum clad Fir windows and Fir trim</li><li>High efficiency wood stove</li></ul>",Predesigned,false,false,M,Washington,Completed,,,,
Doe Bay Cottage Designed by Studio 29,doe-bay-cottage,654e2d17a01afbcbb2e7fdc5,654e2d17ca02e3904b4df6bf,65dfc608310554d08434bfba,false,true,Wed Feb 28 2024 23:47:20 GMT+0000 (Coordinated Universal Time),Sun May 05 2024 23:02:25 GMT+0000 (Coordinated Universal Time),,Doe Bay Cottage,"Classic design meets modern building technology in this 2 bedroom, 2 bath sustainable cottage located along the coast of Orcas Island, Washington.",35,Studio 29,,,,"Orcas Island, WA",https://uploads-ssl.webflow.com/654e2d17ca02e3904b4df6c0/65e323dee6faceda6057aa5b_523.webp,https://uploads-ssl.webflow.com/654e2d17ca02e3904b4df6c0/65e323e292a2687a5eb4ee10_Orcas_Windowseat.webp; https://uploads-ssl.webflow.com/654e2d17ca02e3904b4df6c0/65e323dee6faceda6057aa5b_523.webp,"<figure class=""w-richtext-figure-type-video w-richtext-align-center"" style=""padding-bottom:44.25%"" data-rt-type=""video"" data-rt-align=""center"" data-rt-max-width="""" data-rt-max-height=""44.25%"" data-rt-dimensions=""640:472"" data-page-url=""https://vimeo.com/35300029""><div><iframe src=""https://player.vimeo.com/video/35300029"" title=""Orcas Doe Bay Set"" scrolling=""no"" frameborder=""0"" allowfullscreen=""true""></iframe></div></figure>",Custom,false,false,NA - Custom,Washington,Completed,,,,
Glacier Cabin Designed by Balance Associates Architects,glacier-cabin,654e2d17a01afbcbb2e7fdc5,654e2d17ca02e3904b4df6bf,65dfc6081437f1c22fda27bb,false,false,Wed Feb 28 2024 23:47:20 GMT+0000 (Coordinated Universal Time),Sat Mar 02 2024 19:49:34 GMT+0000 (Coordinated Universal Time),Fri May 16 2025 19:47:09 GMT+0000 (Coordinated Universal Time),Glacier Cabin,"This is Method’s built prototype home. Located in a scenic mountain site in Glacier, Washington on the way to Mount Baker, this three bedroom, two bath cabin style home combines modern amenities while maintaining a warm, rustic feel.",33,Balance Associates Architects,,,,"Glacier, WA",https://uploads-ssl.webflow.com/654e2d17ca02e3904b4df6c0/65e31abad7c64851ec284ca1_Method-Cabin-11.webp,https://uploads-ssl.webflow.com/654e2d17ca02e3904b4df6c0/65e31abad7c64851ec284ca1_Method-Cabin-11.webp; https://uploads-ssl.webflow.com/654e2d17ca02e3904b4df6c0/65e31ac8301ad30d25f2f3bf_Method-Cabin-51.webp; https://uploads-ssl.webflow.com/654e2d17ca02e3904b4df6c0/65e31ac8d126c434b467b449_Method-Cabin-71.webp; https://uploads-ssl.webflow.com/654e2d17ca02e3904b4df6c0/65e31ac828041bd07755beb5_Method-Cabin-8.webp; https://uploads-ssl.webflow.com/654e2d17ca02e3904b4df6c0/65e31ac82322be12b7de5a48_Method-Cabin-21.webp; https://uploads-ssl.webflow.com/654e2d17ca02e3904b4df6c0/65e31ac8b9e36bc163bc7643_Method-Cabin-41.webp; https://uploads-ssl.webflow.com/654e2d17ca02e3904b4df6c0/65e31ac84921cd417fb1d3df_Method-Cabin-61.webp; https://uploads-ssl.webflow.com/654e2d17ca02e3904b4df6c0/65e31ac8b9e36bc163bc7643_Method-Cabin-41.webp,,Predesigned,false,false,Cabin,Washington,Completed,,,,
Hood Canal M Series Designed by Prentiss + Balance + Wickline Architects,hood-canal-m-series,654e2d17a01afbcbb2e7fdc5,654e2d17ca02e3904b4df6bf,65dfc60948f1eeeec620197d,false,false,Wed Feb 28 2024 23:47:21 GMT+0000 (Coordinated Universal Time),Sat Mar 02 2024 19:50:55 GMT+0000 (Coordinated Universal Time),Fri May 16 2025 19:47:09 GMT+0000 (Coordinated Universal Time),Hood Canal M Series,"This one-bedroom, one bath remote getaway retreat features an expansive window wall that overlooks an amazing view of the Olympic Mountain Range and Olympic National Park.",47,Prentiss + Balance + Wickline Architects,,,,"Hood Canal, WA",https://uploads-ssl.webflow.com/654e2d17ca02e3904b4df6c0/65e327047c25d085e7959298_Quilcene_5_smaller.webp,https://uploads-ssl.webflow.com/654e2d17ca02e3904b4df6c0/65e327047c25d085e7959298_Quilcene_5_smaller.webp; https://uploads-ssl.webflow.com/654e2d17ca02e3904b4df6c0/65e3270951f6693a3a15b6a5_Quilcene_4_smaller.webp; https://uploads-ssl.webflow.com/654e2d17ca02e3904b4df6c0/65e3270a69e2314b256807c8_Quilcene_3_smaller.webp; https://uploads-ssl.webflow.com/654e2d17ca02e3904b4df6c0/65e32709b0108aa9f3a8da45_Quilcene_2.webp; https://uploads-ssl.webflow.com/654e2d17ca02e3904b4df6c0/65e32709f1b1eeb8c38490e7_Quilcene_1.webp,"<figure class=""w-richtext-figure-type-video w-richtext-align-center"" style=""padding-bottom:44.25%"" data-rt-type=""video"" data-rt-align=""center"" data-rt-max-width="""" data-rt-max-height=""44.25%"" data-rt-dimensions=""640:472"" data-page-url=""https://vimeo.com/29274032""><div><iframe src=""https://player.vimeo.com/video/29274032"" title=""Hood Canal Set"" scrolling=""no"" frameborder=""0"" allowfullscreen=""true""></iframe></div></figure><ul id=""""><li><strong id="""">Features</strong></li><li>Akume plywood ceilings and exterior soffits</li><li>Composite decking</li><li>Vapro Shield building wrap system</li><li>Strandwoven bamboo floors</li><li>Aluminum clad wood windows</li><li>Low VOC paints and finishes</li><li>Custom powder coated aluminum awnings</li><li>Custom FSC maple cabinets</li><li>Super insulated building envelope</li><li>Precast concrete kitchen countertops</li><li>Steel i-beam frame foundation</li></ul>",Predesigned,false,false,M,Washington,Completed,,,,
House of the Immediate Future Seattle Custom Designed by The Miller Hull Partnership,house-of-the-immediate-future-seattle-custom,654e2d17a01afbcbb2e7fdc5,654e2d17ca02e3904b4df6bf,65dfc60a710f965a746df74e,false,true,Wed Feb 28 2024 23:47:22 GMT+0000 (Coordinated Universal Time),Sun May 05 2024 23:02:26 GMT+0000 (Coordinated Universal Time),,HOIF Seattle,"House of the Immediate Future (HOIF) is a prefab hybrid house designed for Habitat for Humanity for Seattle’s Next Fifty Celebration. The net-zero energy home features a ‘wet core’ built by Method that centralizes the homes electrical, plumbing, and HVAC systems, allowing for Habitat for Humanity volunteers to build around the core.",61,The Miller Hull Partnership,,,,"Seattle, WA",https://uploads-ssl.webflow.com/654e2d17ca02e3904b4df6c0/65e35769cd2f1bebcdf58afe_415.webp,https://uploads-ssl.webflow.com/654e2d17ca02e3904b4df6c0/65e35762746dd3ee8af96806_147.webp; https://uploads-ssl.webflow.com/654e2d17ca02e3904b4df6c0/65e3576bd436149bffacde6e_217.webp; https://uploads-ssl.webflow.com/654e2d17ca02e3904b4df6c0/65e3576be680db5e1a5d7d31_315.webp; https://uploads-ssl.webflow.com/654e2d17ca02e3904b4df6c0/65e35769cd2f1bebcdf58afe_415.webp; https://uploads-ssl.webflow.com/654e2d17ca02e3904b4df6c0/65e3576b301ad30d250f3946_515.webp,,Custom,false,false,NA - Custom,Washington,Completed,,,,
Jackson Hole Custom Designed by Chris Pardo Design Elemental Architecture,jackson-hole-custom,654e2d17a01afbcbb2e7fdc5,654e2d17ca02e3904b4df6bf,65dfc60aa784facf112be137,false,true,Wed Feb 28 2024 23:47:22 GMT+0000 (Coordinated Universal Time),Sun May 05 2024 23:02:26 GMT+0000 (Coordinated Universal Time),,Jackson Hole,"Modern mountain living in Jackson Hole. This stunning Method home features expansive windows showcasing the Teton Range, an open floor plan with sleek finishes, and a seamless indoor-outdoor connection.",65,Chris Pardo Design Elemental Architecture,,,,"Jackson Hole, WY",https://uploads-ssl.webflow.com/654e2d17ca02e3904b4df6c0/65e32bbd746dd3ee8ae4701d_Method-Jackson-Hole-October-10.webp,https://uploads-ssl.webflow.com/654e2d17ca02e3904b4df6c0/65e32bc14eb0a1a3e7278513_jackson.webp; https://uploads-ssl.webflow.com/654e2d17ca02e3904b4df6c0/65e32bbd746dd3ee8ae4701d_Method-Jackson-Hole-October-10.webp; https://uploads-ssl.webflow.com/654e2d17ca02e3904b4df6c0/65e32bc12688029857b1d757_Method-Jackson-Hole-October-10-4.webp; https://uploads-ssl.webflow.com/654e2d17ca02e3904b4df6c0/65e32bc14f33f6583b738bfa_Method_Jackson-Hole.webp; https://uploads-ssl.webflow.com/654e2d17ca02e3904b4df6c0/65e32bc1b0108aa9f3ab1e9d_Method-Jackson-Hole-October-09-copy.webp; https://uploads-ssl.webflow.com/654e2d17ca02e3904b4df6c0/65e32bc1683fe19430d8d9f7_Method-Jackson-Hole-October-09-copy-2.webp; https://uploads-ssl.webflow.com/654e2d17ca02e3904b4df6c0/65e32bc169e2314b256a5fa3_Method-Jackson-Hole-October-09-3.webp; https://uploads-ssl.webflow.com/654e2d17ca02e3904b4df6c0/65e32bc14f33f6583b738bf2_Method-Jackson-Hole-October-09-2.webp; https://uploads-ssl.webflow.com/654e2d17ca02e3904b4df6c0/65e32bc1a7e65292555e5daa_Method-Jackson-Hole-October-09.webp,,Custom,false,false,NA - Custom,Wyoming,Completed,,,,
Ketchikan Custom Designed by Balance Associates Architects,ketchikan-custom,654e2d17a01afbcbb2e7fdc5,654e2d17ca02e3904b4df6bf,65dfc60a36d862b370eb1d24,false,true,Wed Feb 28 2024 23:47:22 GMT+0000 (Coordinated Universal Time),Sun May 05 2024 23:02:27 GMT+0000 (Coordinated Universal Time),,Ketchikan Custom,"Embrace Off-Grid Living in Rustic Chic Style Escape the ordinary and immerse yourself in nature's embrace with this unique off-grid property. Unwind amidst whitewashed plywood walls that exude warmth and character, while the metal siding with barn doors over the windows adds a touch of industrial charm. Live self-sufficiently with the power of an off-grid power generation container. This innovative system ensures you have the energy you need, regardless of external grids, giving you the freedom and peace of mind that comes with self-reliance.",58,Balance Associates Architects,,,,"Ketchikan, AK",https://uploads-ssl.webflow.com/654e2d17ca02e3904b4df6c0/65e356892688029857c57514_ketchikan1.webp,https://uploads-ssl.webflow.com/654e2d17ca02e3904b4df6c0/65e356892688029857c57514_ketchikan1.webp; https://uploads-ssl.webflow.com/654e2d17ca02e3904b4df6c0/65e3568eaf2d6efd26a3307d_ketchikan2.webp; https://uploads-ssl.webflow.com/654e2d17ca02e3904b4df6c0/65e3568e837eb115bbe13c8e_ketchikan4.webp; https://uploads-ssl.webflow.com/654e2d17ca02e3904b4df6c0/65e3568e5b504ee0f5fae3a2_ketchikan5.webp,,Custom,false,false,NA - Custom,Alaska,Completed,,,,
Lake Whatcom Cabin Designed by Balance Associates Architects,lake-whatcom-cabin,654e2d17a01afbcbb2e7fdc5,654e2d17ca02e3904b4df6bf,65dfc6096db762a744d8eee2,false,false,Wed Feb 28 2024 23:47:21 GMT+0000 (Coordinated Universal Time),Sat Mar 02 2024 19:51:16 GMT+0000 (Coordinated Universal Time),Fri May 16 2025 19:47:09 GMT+0000 (Coordinated Universal Time),Lake Whatcom Cabin,"Located on scenic Lake Whatcom, this home’s steep site required it to be set atop a daylight basement. The 2 bedroom, 1 bath cabin captures beautiful views of the lake from the living room and cantilevered deck.",51,Balance Associates Architects,,,,"Bellingham, WA",https://uploads-ssl.webflow.com/654e2d17ca02e3904b4df6c0/65e3298ab8f69754a4ec2e73_Lake-Whatcom-1.webp,https://uploads-ssl.webflow.com/654e2d17ca02e3904b4df6c0/65e3298ab8f69754a4ec2e73_Lake-Whatcom-1.webp,"<figure class=""w-richtext-figure-type-video w-richtext-align-center"" style=""padding-bottom:45%"" data-rt-type=""video"" data-rt-align=""center"" data-rt-max-width="""" data-rt-max-height=""45%"" data-rt-dimensions=""320:240"" data-page-url=""https://vimeo.com/29059148""><div><iframe src=""https://player.vimeo.com/video/29059148"" title=""Lake Whatcom Set"" scrolling=""no"" frameborder=""0"" allowfullscreen=""true""></iframe></div></figure><ul id=""""><li><strong id="""">Features</strong></li><li>Fiber cement board siding</li><li>Solid surface countertops</li><li>Okoume plywood soffits</li><li>Custom maple cabinetry</li><li>Live edge Maple bar top</li><li>Hydronic radiant heat</li></ul>",Predesigned,false,false,Cabin,Washington,Completed,,,,
Lid Park Custom Designed by Chris Pardo Design Elemental Architecture,lid-park-custom,654e2d17a01afbcbb2e7fdc5,654e2d17ca02e3904b4df6bf,65dfc60ac4599663c010a748,false,false,Wed Feb 28 2024 23:47:22 GMT+0000 (Coordinated Universal Time),Mon May 18 2026 21:11:42 GMT+0000 (Coordinated Universal Time),Tue May 19 2026 19:04:36 GMT+0000 (Coordinated Universal Time),Lid Park,This less than 10-foot wide 3 story modern home was designed to sit on a tight urban infill lot and focuses on maximizing daylight and views while maintaining privacy.,67,Chris Pardo Design Elemental Architecture,,,,"Seattle, WA",https://cdn.prod.website-files.com/654e2d17ca02e3904b4df6c0/65e359c7fdd2f9e010792b83_22384_1__1.webp,https://cdn.prod.website-files.com/654e2d17ca02e3904b4df6c0/65e359ca69e2314b257fd045_lid_park.webp; https://cdn.prod.website-files.com/654e2d17ca02e3904b4df6c0/65e359c7fdd2f9e010792b83_22384_1__1.webp; https://cdn.prod.website-files.com/654e2d17ca02e3904b4df6c0/65e359cab9ddb1c6aaaa3187_22384_3__1.webp; https://cdn.prod.website-files.com/654e2d17ca02e3904b4df6c0/65e359ca07c381b94f8c4142_22384_8__2_1.webp; https://cdn.prod.website-files.com/654e2d17ca02e3904b4df6c0/65e359ca9c78c7ed6f9e3fc1_22384_9_2_1.webp; https://cdn.prod.website-files.com/654e2d17ca02e3904b4df6c0/65e359ca2688029857c6f1df_22384_10_2_1.webp; https://cdn.prod.website-files.com/654e2d17ca02e3904b4df6c0/65e359ca40c1d7ac69a88d08_22384_11_2_1.webp; https://cdn.prod.website-files.com/654e2d17ca02e3904b4df6c0/65e359ca4f33f6583b89659d_22384_15_1.webp,,Custom,false,false,NA - Custom,Washington,Completed,,,,
Lopez Island Cabin 2 Designed by Prentiss + Balance + Wickline Architects,lopez-island-cabin-2,654e2d17a01afbcbb2e7fdc5,654e2d17ca02e3904b4df6bf,65dfc6094a195b13383c7542,false,false,Wed Feb 28 2024 23:47:21 GMT+0000 (Coordinated Universal Time),Sat Mar 02 2024 19:51:00 GMT+0000 (Coordinated Universal Time),Fri May 16 2025 19:47:09 GMT+0000 (Coordinated Universal Time),Lopez Island Cabin 2,"A 2 bedroom, 1.75 bath Method Cabin Model 3 located in Washington’s San Juan Islands",48,Prentiss + Balance + Wickline Architects,,,,"Lopez Island, WA",https://uploads-ssl.webflow.com/654e2d17ca02e3904b4df6c0/65e32ad478346d12b7144deb_Lopez_Cabin2-3.webp,https://uploads-ssl.webflow.com/654e2d17ca02e3904b4df6c0/65e32ad478346d12b7144deb_Lopez_Cabin2-3.webp; https://uploads-ssl.webflow.com/654e2d17ca02e3904b4df6c0/65e32ad67632a225efc96747_Lopez_Cabin2-2.webp; https://uploads-ssl.webflow.com/654e2d17ca02e3904b4df6c0/65e32ad667b227d8dfc24a4c_lopez_cabin.webp,,Predesigned,false,false,Cabin,Washington,Completed,,,,
Marrowstone Island Elemental Designed by Chris Pardo Design Elemental Architecture,marrowstone-island-elemental,654e2d17a01afbcbb2e7fdc5,654e2d17ca02e3904b4df6bf,65dfc609c8169dc060d907da,false,true,Wed Feb 28 2024 23:47:21 GMT+0000 (Coordinated Universal Time),Wed Apr 15 2026 23:04:36 GMT+0000 (Coordinated Universal Time),Fri May 16 2025 19:47:09 GMT+0000 (Coordinated Universal Time),Marrowstone Island Elemental,"A modern island retreat located southeast of Port Townsend, this one-bedroom, one-bathroom Element Model 1 takes advantage of coastal vistas of Washington’s Puget Sound. Generous window walls and decking connect indoor spaces to the home’s wooded surroundings.",54,Chris Pardo Design Elemental Architecture,,,,"Marrowstone Island, WA",https://uploads-ssl.webflow.com/654e2d17ca02e3904b4df6c0/65e3275e69e2314b25683639_IMG_0207-Edit.webp,https://uploads-ssl.webflow.com/654e2d17ca02e3904b4df6c0/65e327627f29404b1d9c8f50_Method-Homes-Marrowstone-Island-22831.webp; https://uploads-ssl.webflow.com/654e2d17ca02e3904b4df6c0/65e32762c7732269df410945_IMG_9986-Edit.webp; https://uploads-ssl.webflow.com/654e2d17ca02e3904b4df6c0/65e3276289900dcab69ecac3_IMG_9967-2-Edit.webp; https://uploads-ssl.webflow.com/654e2d17ca02e3904b4df6c0/65e3276211db9df4ad3065a3_IMG_0222-Edit.webp; https://uploads-ssl.webflow.com/654e2d17ca02e3904b4df6c0/65e3276240c1d7ac6990c952_IMG_0213-Edit.webp; https://uploads-ssl.webflow.com/654e2d17ca02e3904b4df6c0/65e3275e69e2314b25683639_IMG_0207-Edit.webp; https://uploads-ssl.webflow.com/654e2d17ca02e3904b4df6c0/65e327627f29404b1d9c8f46_IMG_0067-Edit-Edit.webp,,Predesigned,false,false,Elemental,Washington,Completed,,,,
Modern Monogram Elemental Designed by Elemental Architecture,modern-monogram-elemental,654e2d17a01afbcbb2e7fdc5,654e2d17ca02e3904b4df6bf,65dfc60a93e0696291cac7f3,false,false,Wed Feb 28 2024 23:47:22 GMT+0000 (Coordinated Universal Time),Sat Mar 02 2024 19:52:08 GMT+0000 (Coordinated Universal Time),Fri May 16 2025 19:47:09 GMT+0000 (Coordinated Universal Time),Modern Monogram Elemental,A custom Method Homes Elemental 1 traveling show house for Monogram and Dwell Magazine,62,Elemental Architecture,,,,"Island County, WA",https://uploads-ssl.webflow.com/654e2d17ca02e3904b4df6c0/65e357170b5e44fa83c6c6fd_mongram_modern.webp,https://uploads-ssl.webflow.com/654e2d17ca02e3904b4df6c0/65e357170b5e44fa83c6c6fd_mongram_modern.webp; https://uploads-ssl.webflow.com/654e2d17ca02e3904b4df6c0/65e35717d7c64851ec45428c_monogram_slide2.webp; https://uploads-ssl.webflow.com/654e2d17ca02e3904b4df6c0/65e35717833e16c5d6fba4dd_monogram_slide3.webp; https://uploads-ssl.webflow.com/654e2d17ca02e3904b4df6c0/65e35717bbf2d0da89306803_monogram_slide4.webp; https://uploads-ssl.webflow.com/654e2d17ca02e3904b4df6c0/65e35717200e9c39f95a4c31_monogram_slide5.webp,,Predesigned,false,false,Elemental,Washington,Completed,,,,
Obstruction Island Cabin Designed by Prentiss + Balance + Wickline Architects,obstruction-island-cabin,654e2d17a01afbcbb2e7fdc5,654e2d17ca02e3904b4df6bf,65dfc6099e5ef568d79cb5b5,false,false,Wed Feb 28 2024 23:47:21 GMT+0000 (Coordinated Universal Time),Sat Mar 02 2024 19:51:24 GMT+0000 (Coordinated Universal Time),Fri May 16 2025 19:47:09 GMT+0000 (Coordinated Universal Time),Obstruction Island Cabin,This 3 plus bonus room cabin was dramatically barge craned onto its site from the water on a remote non-ferry access island. The home’s steel i-beam frame foundation allows it to be situated on a rocky cliffside.,53,Prentiss + Balance + Wickline Architects,,,,"Obstruction Island, WA",https://uploads-ssl.webflow.com/654e2d17ca02e3904b4df6c0/65e32452fdd2f9e0105ee34d_224.webp,https://uploads-ssl.webflow.com/654e2d17ca02e3904b4df6c0/65e32452fdd2f9e0105ee34d_224.webp; https://uploads-ssl.webflow.com/654e2d17ca02e3904b4df6c0/65e32456d126c434b46c49a1_322.webp; https://uploads-ssl.webflow.com/654e2d17ca02e3904b4df6c0/65e32456683fe19430d554f7_422.webp; https://uploads-ssl.webflow.com/654e2d17ca02e3904b4df6c0/65e3244beb400de6d4a90210_157.webp,"<figure id="""" class=""w-richtext-figure-type-video w-richtext-align-center"" style=""padding-bottom:44.25%"" data-rt-type=""video"" data-rt-align=""center"" data-rt-max-width="""" data-rt-max-height=""44.25%"" data-rt-dimensions=""640:472"" data-page-url=""https://vimeo.com/33709732""><div id=""""><iframe src=""https://player.vimeo.com/video/33709732"" title=""Obstruction Island Set"" scrolling=""no"" frameborder=""0"" allowfullscreen=""true""></iframe></div></figure><ul id=""""><li id=""""><strong id="""">Features</strong></li><li id="""">Fiber cement board siding</li><li id="""">Solid surface countertops</li><li id="""">Okoume plywood soffits</li><li id="""">Custom Beech cabinetry, built-ins, and daybeds</li><li id="""">Live edge bar top</li><li id="""">Steel I-beam frame</li></ul><p id="""">‍</p>",Predesigned,false,false,Cabin,Washington,Completed,,,,
Orcas Island Cabin Designed by Balance Associates Architects,orcas-island-cabin,654e2d17a01afbcbb2e7fdc5,654e2d17ca02e3904b4df6bf,65dfc608bdbe40e616881614,false,false,Wed Feb 28 2024 23:47:20 GMT+0000 (Coordinated Universal Time),Sat Mar 02 2024 19:50:12 GMT+0000 (Coordinated Universal Time),Fri May 16 2025 19:47:09 GMT+0000 (Coordinated Universal Time),Orcas Island Cabin,"Live luxuriously with a minimal environmental footprint. Rainwater catchment, solar hot water pre-heat, and hydronic radiant heat create a self-sufficient haven. Inside, find eco-conscious style with custom black walnut cabinets on FSC plywood cores, solid surface countertops, and strand woven bamboo floors. Relax on the composite deck made with bamboo and recycled plastic, all under the warmth of a VG Hemlock tongue and groove ceiling.",40,Balance Associates Architects,,,,"Orcas Island, WA",https://uploads-ssl.webflow.com/654e2d17ca02e3904b4df6c0/65e31cb5bba950cd2559c175_158.webp,https://uploads-ssl.webflow.com/654e2d17ca02e3904b4df6c0/65e31cb8b0108aa9f3a429df_524.webp; https://uploads-ssl.webflow.com/654e2d17ca02e3904b4df6c0/65e31cb74f33f6583b6bffc3_423.webp; https://uploads-ssl.webflow.com/654e2d17ca02e3904b4df6c0/65e31cb8ceae6d35153339eb_323.webp; https://uploads-ssl.webflow.com/654e2d17ca02e3904b4df6c0/65e31cb7a7e6529255574c22_225.webp; https://uploads-ssl.webflow.com/654e2d17ca02e3904b4df6c0/65e31cb5bba950cd2559c175_158.webp,"<figure class=""w-richtext-figure-type-video w-richtext-align-center"" style=""padding-bottom:44.25%"" data-rt-type=""video"" data-rt-align=""center"" data-rt-max-width="""" data-rt-max-height=""44.25%"" data-rt-dimensions=""640:472"" data-page-url=""https://vimeo.com/27734084""><div><iframe src=""https://player.vimeo.com/video/27734084"" title=""Orcas Island Set"" scrolling=""no"" frameborder=""0"" allowfullscreen=""true""></iframe></div></figure><ul id=""""><li><strong id="""">Features</strong></li><li>rainwater catchment system</li><li>solar hot water pre heat</li><li>hydronic radiant heat</li><li>fiber glass windows</li><li>custom black walnut cabinets with FSC plywood core</li><li>solid surface eco counter tops</li><li>strand woven bamboo floors</li><li>composite decking with bamboo and recycled plastic</li><li>VG Hemlock tongue and groove ceiling</li></ul>",Predesigned,false,false,Cabin,Washington,Completed,,,,
Paradigm I Designed by Bogue Trondowski Architects,paradigm-i,654e2d17a01afbcbb2e7fdc5,654e2d17ca02e3904b4df6bf,65dfc608263944170d9110ad,false,false,Wed Feb 28 2024 23:47:20 GMT+0000 (Coordinated Universal Time),Sat Mar 02 2024 19:49:40 GMT+0000 (Coordinated Universal Time),Fri May 16 2025 19:47:09 GMT+0000 (Coordinated Universal Time),Paradigm I,"Paradigm I is the deeply sustainable prototype for the Method Homes Paradigm Series. Taking modular construction to the next level of sustainability, Paradigm combines thoughtful design with high-performance systems and technologies. The single module prototype home focuses on efficient use of space and is built to target several of the top environmental certifications and standards depending on its final site, including LEED Platinum Certification and 6 of 7 petals of the Living Building Challenge.",34,Bogue Trondowski Architects,,,,California,https://uploads-ssl.webflow.com/654e2d17ca02e3904b4df6c0/65e260c24510dd44565f75dd_138.webp,https://uploads-ssl.webflow.com/654e2d17ca02e3904b4df6c0/65e260c24510dd44565f75dd_138.webp; https://uploads-ssl.webflow.com/654e2d17ca02e3904b4df6c0/65e260c744c36d5e1e838e0f_412.webp; https://uploads-ssl.webflow.com/654e2d17ca02e3904b4df6c0/65e260c789b1b1b7bb472d95_213.webp; https://uploads-ssl.webflow.com/654e2d17ca02e3904b4df6c0/65e260c70a0ed72bbc86bf98_312.webp,"<ul id=""""></ul><figure class=""w-richtext-figure-type-video w-richtext-align-center"" style=""padding-bottom:33.75%"" data-rt-type=""video"" data-rt-align=""center"" data-rt-max-width="""" data-rt-max-height=""33.75%"" data-rt-dimensions=""640:360"" data-page-url=""https://vimeo.com/54489914""><div><iframe src=""https://player.vimeo.com/video/54489914"" title=""Paradigm I"" scrolling=""no"" frameborder=""0"" allowfullscreen=""true""></iframe></div></figure><ul><li><strong id="""">Features</strong></li><li>Heat pump hot water heater</li><li>FSC certified bamboo hardwood flooring</li><li>Greywater reuse system</li><li>Bamboo and recycled plastic composite decking</li><li>LED lighting</li><li>5.3 kW Solar PV array</li><li>Home automation</li><li>Automated shades</li><li>Custom CNC cut corten steel sun screen</li><li>Zero VOC interior paints and low VOC finishes</li><li>Super-insulated building envelope</li><li>Rainwater catchment</li><li>FSC certified Western Red Cedar siding</li></ul>",Predesigned,false,false,Paradigm,California,Completed,,,,
Peninsula Shift Designed by Stephenson Design Collective,peninsula-shift,654e2d17a01afbcbb2e7fdc5,654e2d17ca02e3904b4df6bf,65dfc608cff56b0b43171d14,false,false,Wed Feb 28 2024 23:47:20 GMT+0000 (Coordinated Universal Time),Fri Jun 26 2026 20:34:08 GMT+0000 (Coordinated Universal Time),Tue Jun 30 2026 22:53:45 GMT+0000 (Coordinated Universal Time),Peninsula Shift,"A three bedroom, three bathroom family home located on Washington’s Olympic Peninsula.",41,Stephenson Design Collective,,,,"Olalla, WA",https://cdn.prod.website-files.com/654e2d17ca02e3904b4df6c0/6a3ee224d028050611a36fa9_Peninsual%20Shift%20-%20Exterior--4_Edit.jpg,https://cdn.prod.website-files.com/654e2d17ca02e3904b4df6c0/65e319518a7687c9a71f6abb_Peninsual-Shift-Interior-4_mini.webp; https://cdn.prod.website-files.com/654e2d17ca02e3904b4df6c0/65e31951da09c9dc62ab6959_Peninsual-Shift-Interior-3_mini.webp; https://cdn.prod.website-files.com/654e2d17ca02e3904b4df6c0/65e319517dd42dead1ce5f2f_Peninsual-Shift-Exterior-6_mini.webp; https://cdn.prod.website-files.com/654e2d17ca02e3904b4df6c0/65e31951a7e6529255557f07_peninsula_shift.webp,"<figure class=""w-richtext-figure-type-video w-richtext-align-center"" style=""padding-bottom:45%"" data-rt-type=""video"" data-rt-align=""center"" data-rt-max-width="""" data-rt-max-height=""45%"" data-rt-dimensions=""640:480"" data-page-url=""https://vimeo.com/70052926""><div><iframe src=""https://player.vimeo.com/video/70052926"" title=""Peninsula Shift Set"" scrolling=""no"" frameborder=""0"" allowfullscreen=""true""></iframe></div></figure><ul id=""""><li><strong id="""">Features</strong></li><li>Energy Recovery Ventilation (ERV)</li><li>Three-sided gas stove</li><li>Green roof</li><li>Concrete open staircase w/custom bookshelf</li><li>Bamboo hardwood floors</li><li>Custom Cedar bedroom and laundry barn doors</li><li>Custom bamboo cabinetry</li><li>Custom bathroom tile</li><li>Cast concrete master bathroom sink</li><li>Walk-in master shower and tub combination</li></ul><p>‍</p>",Predesigned,false,false,Elemental,Washington,Completed,,,,
Phinney Option Designed by Grouparchitect,phinney-option,654e2d17a01afbcbb2e7fdc5,654e2d17ca02e3904b4df6bf,6564eb16c35b0e336ab24242,false,false,Mon Nov 27 2023 19:16:38 GMT+0000 (Coordinated Universal Time),Tue Mar 10 2026 21:36:05 GMT+0000 (Coordinated Universal Time),Tue Mar 10 2026 22:46:24 GMT+0000 (Coordinated Universal Time),Phinney Option,Infill Three story home with a rooftop deck based on the dynamic Option Series home,5,Grouparchitect,,,,"Seattle, WA",https://cdn.prod.website-files.com/654e2d17ca02e3904b4df6c0/65e6495ea8779a2cfb24ab69_Phinney%20Option.webp,https://cdn.prod.website-files.com/654e2d17ca02e3904b4df6c0/6564eb68815c500887ac48bc_1303-ga-phinney-1%20(1).jpg; https://cdn.prod.website-files.com/654e2d17ca02e3904b4df6c0/6564eb77dc3fb090d2721196_1303-ga-phinney-3%20(1).jpg; https://cdn.prod.website-files.com/654e2d17ca02e3904b4df6c0/6564eb7bfd62fb01f3131580_1303-ga-phinney-4%20(1).jpg; https://cdn.prod.website-files.com/654e2d17ca02e3904b4df6c0/6564eb7ff9ba06f72b681ca7_1303-ga-phinney-5%20(1).jpg; https://cdn.prod.website-files.com/654e2d17ca02e3904b4df6c0/6564eb83606287538a01307d_1303-ga-phinney-7%20(1).jpg; https://cdn.prod.website-files.com/654e2d17ca02e3904b4df6c0/6564eb86292d172775090d3e_1303-ga-phinney-8%20(1).jpg; https://cdn.prod.website-files.com/654e2d17ca02e3904b4df6c0/6564eb898fbbe725c46251dd_1303-ga-phinney-9%20(1).jpg; https://cdn.prod.website-files.com/654e2d17ca02e3904b4df6c0/6564eb8c897de85d3a1bad8a_1303-ga-phinney-10%20(1).jpg; https://cdn.prod.website-files.com/654e2d17ca02e3904b4df6c0/6564eb8e6262d55e83c598bb_1303-ga-phinney-11%20(1).jpg; https://cdn.prod.website-files.com/654e2d17ca02e3904b4df6c0/6564eb91f528793b2e2bb2c3_1303-ga-phinney-12%20(1).jpg; https://cdn.prod.website-files.com/654e2d17ca02e3904b4df6c0/6564eb9aa93fa72440c4eb78_1303-ga-phinney-15%20(1).jpg; https://cdn.prod.website-files.com/654e2d17ca02e3904b4df6c0/6564eba45437cfb31a5dc3f9_1303-ga-phinney-16%20(1).jpg; https://cdn.prod.website-files.com/654e2d17ca02e3904b4df6c0/6564eba7265162f47679aaba_1303-ga-phinney-17%20(1).jpg; https://cdn.prod.website-files.com/654e2d17ca02e3904b4df6c0/6564ebaf6262d55e83c5a5e8_1303-ga-phinney-20%20(1).jpg; https://cdn.prod.website-files.com/654e2d17ca02e3904b4df6c0/6564ebb338bb03def9db3ebb_1303-ga-phinney-21%20(1).jpg; https://cdn.prod.website-files.com/654e2d17ca02e3904b4df6c0/6564ebb5a0a29b8205ade7e6_1303-ga-phinney-22%20(1).jpg; https://cdn.prod.website-files.com/654e2d17ca02e3904b4df6c0/6564ebb7606287538a014ca2_1303-ga-phinney-23%20(1).jpg; https://cdn.prod.website-files.com/654e2d17ca02e3904b4df6c0/6564ebbaf4b85ab68016b96a_1303-ga-phinney-24%20(1).jpg; https://cdn.prod.website-files.com/654e2d17ca02e3904b4df6c0/6564ebbdfd62fb01f313598a_1303-ga-phinney-25%20(1).jpg; https://cdn.prod.website-files.com/654e2d17ca02e3904b4df6c0/6564ebc08a7a6a76c6d02594_1303-ga-phinney-26%20(1).jpg; https://cdn.prod.website-files.com/654e2d17ca02e3904b4df6c0/6564ebc2767ca9b1a1e6e973_1303-ga-phinney-27%20(1).jpg; https://cdn.prod.website-files.com/654e2d17ca02e3904b4df6c0/6564ebce68bcf8487df4ba97_1303-ga-phinney-31%20(1).jpg; https://cdn.prod.website-files.com/654e2d17ca02e3904b4df6c0/6564ebd1767ca9b1a1e6f53a_1303-ga-phinney-32%20(1).jpg; https://cdn.prod.website-files.com/654e2d17ca02e3904b4df6c0/6564ec6754ba69f9582b65f9_1303-ga-phinney-33%20(1).jpg,,Predesigned,true,false,Option,Unknown,Completed,99,99,999999,Unknown
San Juan Cabin Designed by Prentiss + Balance + Wickline Architects,san-juan-cabin,654e2d17a01afbcbb2e7fdc5,654e2d17ca02e3904b4df6bf,65dfc609710f965a746df6c1,false,false,Wed Feb 28 2024 23:47:21 GMT+0000 (Coordinated Universal Time),Sat Mar 02 2024 19:51:20 GMT+0000 (Coordinated Universal Time),Fri May 16 2025 19:47:09 GMT+0000 (Coordinated Universal Time),San Juan Cabin,"A 3 bedroom, 2.75 bath home located on a steep bluff overlooking 270 degree water views of some of the best Orca whale watching in the nation. The layout features flexible space perfect for a home office or reading nook.",52,Prentiss + Balance + Wickline Architects,,,,"Friday Harbor, WA",https://uploads-ssl.webflow.com/654e2d17ca02e3904b4df6c0/65e3254bcd2f1bebcdddaa9f_150.webp,https://uploads-ssl.webflow.com/654e2d17ca02e3904b4df6c0/65e3254e024dc7262802456d_222.webp; https://uploads-ssl.webflow.com/654e2d17ca02e3904b4df6c0/65e3254ee680db5e1a44cb87_319.webp; https://uploads-ssl.webflow.com/654e2d17ca02e3904b4df6c0/65e3254ee8a0291ec90c5921_419.webp; https://uploads-ssl.webflow.com/654e2d17ca02e3904b4df6c0/65e3254e2c3b542344318598_519.webp; https://uploads-ssl.webflow.com/654e2d17ca02e3904b4df6c0/65e3254bcd2f1bebcdddaa9f_150.webp,"<figure class=""w-richtext-figure-type-video w-richtext-align-center"" style=""padding-bottom:44.25%"" data-rt-type=""video"" data-rt-align=""center"" data-rt-max-width="""" data-rt-max-height=""44.25%"" data-rt-dimensions=""640:472"" data-page-url=""https://vimeo.com/29859942""><div><iframe src=""https://player.vimeo.com/video/29859942"" title=""San Juan Island Set"" scrolling=""no"" frameborder=""0"" allowfullscreen=""true""></iframe></div></figure><ul id=""""><li><strong id="""">Features</strong></li><li>Rainscreen</li><li>Okoume plywood ceilings throughout</li><li>Strandwoven mocha bamboo flooring</li><li>Bamboo composite decking</li><li>Solid surface countertops</li><li>Reclaimed Fir bartop</li><li>Hydronic radiant heat with European wall mounted radiators</li><li>Corrugated metal siding</li><li>Exterior rails with galvanized steel posts and cable railings</li></ul>",Predesigned,false,false,Cabin,Washington,Completed,,,,
Santa Barbara Cabin Designed by Prentiss + Balance + Wickline Architects,santa-barbara-cabin,654e2d17a01afbcbb2e7fdc5,654e2d17ca02e3904b4df6bf,65dfc60848a9495243bd1eea,false,false,Wed Feb 28 2024 23:47:20 GMT+0000 (Coordinated Universal Time),Sat Mar 02 2024 19:49:55 GMT+0000 (Coordinated Universal Time),Fri May 16 2025 19:47:09 GMT+0000 (Coordinated Universal Time),Santa Barbara Cabin,A standard Cabin build from Method Homes in Santa Barbara California.,37,Prentiss + Balance + Wickline Architects,,,,"Santa Barbara, CA",https://uploads-ssl.webflow.com/654e2d17ca02e3904b4df6c0/65e260457d4560da0677e4cc_sb_cabin1-1.webp,https://uploads-ssl.webflow.com/654e2d17ca02e3904b4df6c0/65e260457d4560da0677e4cc_sb_cabin1-1.webp; https://uploads-ssl.webflow.com/654e2d17ca02e3904b4df6c0/65e2604933638eeaff1541a7_sb_cabin2.webp; https://uploads-ssl.webflow.com/654e2d17ca02e3904b4df6c0/65e260498db64fdec6fd4e6a_sb_cabin3.webp,,Predesigned,false,false,Cabin,California,Completed,,,,
Santa Rosa Annata Designed by Chris Pardo Design: Elemental Architecture,santa-rosa-annata,654e2d17a01afbcbb2e7fdc5,654e2d17ca02e3904b4df6bf,6590a3a2ab58e12a95531955,false,false,Sat Dec 30 2023 23:11:30 GMT+0000 (Coordinated Universal Time),Sat Mar 02 2024 19:49:14 GMT+0000 (Coordinated Universal Time),Fri May 16 2025 19:47:09 GMT+0000 (Coordinated Universal Time),Santa Rosa Annata,"Features rift sawn oak cabinets, expansive glass and multi slide windows, commercial aluminum siding system. was featured at 2017 Dwell on Design show and is now nearing completion onsite",29,Chris Pardo Design Elemental Architecture,,,,"Santa Rosa, CA",https://uploads-ssl.webflow.com/654e2d17ca02e3904b4df6c0/6590a30011b41d11bc0136d2_oaklandC_5-1%20copy.jpg,https://uploads-ssl.webflow.com/654e2d17ca02e3904b4df6c0/6590a31eba4ede766bb47102_OaklandC_1.jpg; https://uploads-ssl.webflow.com/654e2d17ca02e3904b4df6c0/6590a31e322c326ec85ed5a0_oaklandC_2.jpg; https://uploads-ssl.webflow.com/654e2d17ca02e3904b4df6c0/6590a31ebf1237708453d9cc_oaklandC_3.jpg; https://uploads-ssl.webflow.com/654e2d17ca02e3904b4df6c0/6590a31e015470c887d66b09_oaklandC_4.jpg; https://uploads-ssl.webflow.com/654e2d17ca02e3904b4df6c0/6590a30011b41d11bc0136d2_oaklandC_5-1%20copy.jpg,,Predesigned,true,false,Annata,California,Completed,,,,
Seattle Element 3 Designed by Chris Pardo Design Elemental Architecture,seattle-element-3,654e2d17a01afbcbb2e7fdc5,654e2d17ca02e3904b4df6bf,65dfc60837152de5ca48d024,false,false,Wed Feb 28 2024 23:47:20 GMT+0000 (Coordinated Universal Time),Sat Mar 02 2024 19:49:51 GMT+0000 (Coordinated Universal Time),Fri May 16 2025 19:47:09 GMT+0000 (Coordinated Universal Time),Seattle Element 3,A highly customized Element 3 design with garage space modified to include a mud room and guest suite.,36,Chris Pardo Design Elemental Architecture,,,,"Seattle, WA",https://uploads-ssl.webflow.com/654e2d17ca02e3904b4df6c0/65e07bfef3a1c0611bfcb152_seattle_element3.webp,https://uploads-ssl.webflow.com/654e2d17ca02e3904b4df6c0/65e07c04534ca48b39e72c1b_seattle_element_p8.webp; https://uploads-ssl.webflow.com/654e2d17ca02e3904b4df6c0/65e07c049912e114a8f610f7_seattle_element_p4.webp; https://uploads-ssl.webflow.com/654e2d17ca02e3904b4df6c0/65e07c0441d5f66f5e835c30_seattle_element_p6.webp; https://uploads-ssl.webflow.com/654e2d17ca02e3904b4df6c0/65e07c04433301456c870dd8_seattle_element_p3.webp; https://uploads-ssl.webflow.com/654e2d17ca02e3904b4df6c0/65e07c049912e114a8f61102_seattle_element_p5.webp; https://uploads-ssl.webflow.com/654e2d17ca02e3904b4df6c0/65e07c04b2e06a8a8b1bfea0_seattle_element_p2.webp; https://uploads-ssl.webflow.com/654e2d17ca02e3904b4df6c0/65e07bfef3a1c0611bfcb152_seattle_element3.webp,,Predesigned,false,false,Elemental,Washington,Completed,,,,
Seattle Option Designed by Grouparchitect,seattle-option,654e2d17a01afbcbb2e7fdc5,654e2d17ca02e3904b4df6bf,65dfc60ae8d1e93cc99f8512,false,false,Wed Feb 28 2024 23:47:22 GMT+0000 (Coordinated Universal Time),Sat Mar 02 2024 19:52:42 GMT+0000 (Coordinated Universal Time),Fri May 16 2025 19:47:09 GMT+0000 (Coordinated Universal Time),Seattle Option,"This contemporary gem offers the perfect blend of functionality and design, making it ideal for modern families who value both comfort and sustainability. Step inside and be greeted by a wave of organization. Built-in lockers for each family member eliminate clutter and chaos, ensuring everyone has a dedicated space for their belongings. The entryway seamlessly transitions into the heart of the home - the great room. Here, a custom tile scheme sets the stage for warmth and personality, while the wraparound built-in bench seat invites cozy gatherings and game nights.",69,Grouparchitect,,,,"Seattle, WA",https://uploads-ssl.webflow.com/654e2d17ca02e3904b4df6c0/65e32cf5f03910a587cd8883_1419-method-homes-prefab-ex-1-1.webp,https://uploads-ssl.webflow.com/654e2d17ca02e3904b4df6c0/65e32cf872b09b5817a62940_1419-method-homes-prefab-ex-2-1.webp; https://uploads-ssl.webflow.com/654e2d17ca02e3904b4df6c0/65e32cf706103486696d6bfc_1419-method-homes-prefab-in-kitchen-1-1.webp; https://uploads-ssl.webflow.com/654e2d17ca02e3904b4df6c0/65e32cf5f03910a587cd8883_1419-method-homes-prefab-ex-1-1.webp,,Predesigned,false,false,Option,Washington,Completed,,,,
Sonoma Elemental Designed by Chris Pardo Design Elemental Architecture,sonoma-elemental,654e2d17a01afbcbb2e7fdc5,654e2d17ca02e3904b4df6bf,65dfc60952acb38b019cc25a,false,false,Wed Feb 28 2024 23:47:21 GMT+0000 (Coordinated Universal Time),Sat Mar 02 2024 19:51:06 GMT+0000 (Coordinated Universal Time),Fri May 16 2025 19:47:09 GMT+0000 (Coordinated Universal Time),Sonoma Elemental,"The home has a lot of custom features, including metal siding accents, a concrete lower level, and engineered beams for high snow loads.",49,Chris Pardo Design Elemental Architecture,,,,"Sonoma, CA",https://uploads-ssl.webflow.com/654e2d17ca02e3904b4df6c0/65e32b382c3b542344348205_Cloverdale34.webp,https://uploads-ssl.webflow.com/654e2d17ca02e3904b4df6c0/65e32b3c8aa7b3b27a24228a_Cloverdale39-21.webp; https://uploads-ssl.webflow.com/654e2d17ca02e3904b4df6c0/65e32b382c3b542344348205_Cloverdale34.webp; https://uploads-ssl.webflow.com/654e2d17ca02e3904b4df6c0/65e32b3cd126c434b46fee5f_Cloverdale20.125035-2.webp; https://uploads-ssl.webflow.com/654e2d17ca02e3904b4df6c0/65e32b3cd486d28f68d4ab1d_Cloverdale16_11.webp; https://uploads-ssl.webflow.com/654e2d17ca02e3904b4df6c0/65e32b3c51f6693a3a17e426_Cloverdale10_1.webp,,Predesigned,false,false,Elemental,California,Completed,,,,
Spencer Lake Cabin Designed by Prentiss + Balance + Wickline Architects,spencer-lake-cabin,654e2d17a01afbcbb2e7fdc5,654e2d17ca02e3904b4df6bf,65dfc608ed99bfb34204cef8,false,false,Wed Feb 28 2024 23:47:20 GMT+0000 (Coordinated Universal Time),Sat Mar 02 2024 19:50:45 GMT+0000 (Coordinated Universal Time),Fri May 16 2025 19:47:09 GMT+0000 (Coordinated Universal Time),Spencer Lake Cabin,"This cabin overlooking a scenic private lake features a large open living space, 2 bedrooms and 2 baths on the upper level, and a den, bunk room, bathroom, utility room, storage, and boat garage on the lower level. The home also has a wrap-around deck, covered outdoor living area, and expansive lake views. It was constructed in under 4 months from start to finish.",45,Prentiss + Balance + Wickline Architects,,,,"Spencer Lake, WA",https://uploads-ssl.webflow.com/654e2d17ca02e3904b4df6c0/65e320c6d7c64851ec2b1ffc_lannieboesiger_lo_23.webp,https://uploads-ssl.webflow.com/654e2d17ca02e3904b4df6c0/65e320c6d7c64851ec2b1ffc_lannieboesiger_lo_23.webp; https://uploads-ssl.webflow.com/654e2d17ca02e3904b4df6c0/65e320cfda09c9dc62af187e_lannieboesiger_lo_15.webp; https://uploads-ssl.webflow.com/654e2d17ca02e3904b4df6c0/65e320cfc91cdddacc77e110_lannieboesiger_lo_18.webp; https://uploads-ssl.webflow.com/654e2d17ca02e3904b4df6c0/65e320cfe7efeef17e01c614_lannieboesiger_lo_20.webp; https://uploads-ssl.webflow.com/654e2d17ca02e3904b4df6c0/65e320cfc7732269df3deb85_lannieboesiger_lo_01.webp; https://uploads-ssl.webflow.com/654e2d17ca02e3904b4df6c0/65e320cffdd2f9e0105d3b6e_lannieboesiger_lo_06.webp; https://uploads-ssl.webflow.com/654e2d17ca02e3904b4df6c0/65e320cf2322be12b7e0ed05_lannieboesiger_lo_05.webp; https://uploads-ssl.webflow.com/654e2d17ca02e3904b4df6c0/65e320cfe680db5e1a42c201_lannieboesiger_lo_04.webp; https://uploads-ssl.webflow.com/654e2d17ca02e3904b4df6c0/65e320cf76da45aae75e196b_lannieboesiger_lo_02.webp; https://uploads-ssl.webflow.com/654e2d17ca02e3904b4df6c0/65e320cfb9e36bc163bfd66d_lannieboesiger_lo_09.webp; https://uploads-ssl.webflow.com/654e2d17ca02e3904b4df6c0/65e320cfcd2f1bebcddb97c2_lannieboesiger_lo_10.webp; https://uploads-ssl.webflow.com/654e2d17ca02e3904b4df6c0/65e320cfb8f69754a4e86c05_lannieboesiger_lo_12.webp; https://uploads-ssl.webflow.com/654e2d17ca02e3904b4df6c0/65e320cf6c7a798775062443_lannieboesiger_lo_14.webp; https://uploads-ssl.webflow.com/654e2d17ca02e3904b4df6c0/65e320cf67b227d8dfbd31dd_lannieboesiger_lo_08.webp; https://uploads-ssl.webflow.com/654e2d17ca02e3904b4df6c0/65e320cfd7c64851ec2b2252_lannieboesiger_lo_07.webp; https://uploads-ssl.webflow.com/654e2d17ca02e3904b4df6c0/65e320cfe8a0291ec90a241c_lannieboesiger_lo_25.webp; https://uploads-ssl.webflow.com/654e2d17ca02e3904b4df6c0/65e320cfda09c9dc62af189c_lannieboesiger_lo_26.webp,"<ul id=""""></ul><figure class=""w-richtext-figure-type-video w-richtext-align-center"" style=""padding-bottom:44.25%"" data-rt-type=""video"" data-rt-align=""center"" data-rt-max-width="""" data-rt-max-height=""44.25%"" data-rt-dimensions=""640:472"" data-page-url=""https://vimeo.com/27794540""><div><iframe src=""https://player.vimeo.com/video/27794540"" title=""Spencer Lake Set"" scrolling=""no"" frameborder=""0"" allowfullscreen=""true""></iframe></div></figure><ul><li><strong id="""">Features</strong></li><li>Hydronic radiant heat</li><li>Cedar rain screen siding</li><li>Custom FSC Maple cabinets</li><li>Dual flush toilets and low flow fixtures</li><li>Aluminum-clad Fir windows</li><li>Standing seam metal roof with large overhanging eaves</li><li>Enhanced insulation package with spray foam and BIB (blown in blanket) insulation</li><li>Custom master bedroom/bath module configuration with lake view orientation</li></ul>",Predesigned,false,false,Cabin,Washington,Completed,,,,
Squaw Valley Custom Designed by sagemodern,squaw-valley-custom,654e2d17a01afbcbb2e7fdc5,654e2d17ca02e3904b4df6bf,65dfc60a9e5ef568d79cb65f,false,true,Wed Feb 28 2024 23:47:22 GMT+0000 (Coordinated Universal Time),Sun May 05 2024 23:02:26 GMT+0000 (Coordinated Universal Time),,Squaw Valley,Custom new development project at Squaw Valley by Sage Modern,64,sagemodern,,,,"Squaw Valley, CA",https://uploads-ssl.webflow.com/654e2d17ca02e3904b4df6c0/65e356d11509e49085627f5d_squaw_valley.webp,https://uploads-ssl.webflow.com/654e2d17ca02e3904b4df6c0/65e356d6342fae21f39679ed_170-Smiley-Ct-Olympic-Valley-print-020-23-Bathroom-4200x2800-300dpi.webp; https://uploads-ssl.webflow.com/654e2d17ca02e3904b4df6c0/65e356d11509e49085627f5d_squaw_valley.webp; https://uploads-ssl.webflow.com/654e2d17ca02e3904b4df6c0/65e356d62f703e1765d902ec_170-Smiley-Ct-Olympic-Valley-print-018-31-Bathroom-4200x2800-300dpi.webp; https://uploads-ssl.webflow.com/654e2d17ca02e3904b4df6c0/65e356d6c91cdddacc9147f8_170-Smiley-Ct-Olympic-Valley-print-012-21-Patio-Hot-Tub-4200x2800-300dpi.webp; https://uploads-ssl.webflow.com/654e2d17ca02e3904b4df6c0/65e356d6da09c9dc62c92950_170-Smiley-Ct-Olympic-Valley-print-011-16-Dining-Room-4200x2800-300dpi.webp; https://uploads-ssl.webflow.com/654e2d17ca02e3904b4df6c0/65e356d61509e490856281ef_170-Smiley-Ct-Olympic-Valley-print-010-12-Dining-Room-4200x2800-300dpi.webp; https://uploads-ssl.webflow.com/654e2d17ca02e3904b4df6c0/65e356d6e2fa2f8ee5336f8b_170-Smiley-Ct-Olympic-Valley-print-004-20-Living-Room-2804x4200-300dpi.webp,,Custom,false,false,NA - Custom,California,Completed,,,,
Tahoe Cabin Designed by Prentiss + Balance + Wickline Architects,tahoe-cabin,654e2d17a01afbcbb2e7fdc5,654e2d17ca02e3904b4df6bf,65dfc6086f9362a76c16f515,false,false,Wed Feb 28 2024 23:47:20 GMT+0000 (Coordinated Universal Time),Sat Mar 02 2024 19:49:59 GMT+0000 (Coordinated Universal Time),Fri May 16 2025 19:47:09 GMT+0000 (Coordinated Universal Time),Tahoe Cabin,"Modern mountain living meets custom design. Striking exterior with metal accents and concrete lower level. Engineered for heavy snow loads with large glulam beams. Unique touches throughout, including floating nightstands designed by the client and built by Method.",38,Prentiss + Balance + Wickline Architects,,,,"Tahoe, CA",https://uploads-ssl.webflow.com/654e2d17ca02e3904b4df6c0/65e31c312688029857aa0440_tahoe_cabin.webp,https://uploads-ssl.webflow.com/654e2d17ca02e3904b4df6c0/65e31c312688029857aa0440_tahoe_cabin.webp; https://uploads-ssl.webflow.com/654e2d17ca02e3904b4df6c0/65e31c3789900dcab6993f9f_tahoe_cabin_4-1.webp; https://uploads-ssl.webflow.com/654e2d17ca02e3904b4df6c0/65e31c374921cd417fb27365_tahoe_cabin_3-1.webp; https://uploads-ssl.webflow.com/654e2d17ca02e3904b4df6c0/65e31c3769e2314b2562b56c_tahoe_cabin_2-1.webp; https://uploads-ssl.webflow.com/654e2d17ca02e3904b4df6c0/65e31c37746dd3ee8adcd521_tahoe_cabin_1-1.webp,,Predesigned,false,false,Cabin,California,Completed,,,,
Vashon Island Cabin Designed by Prentiss + Balance + Wickline Architects,vashon-island-cabin,654e2d17a01afbcbb2e7fdc5,654e2d17ca02e3904b4df6bf,65dfc60b0b227b60a0be741c,false,false,Wed Feb 28 2024 23:47:23 GMT+0000 (Coordinated Universal Time),Sat Mar 02 2024 19:52:47 GMT+0000 (Coordinated Universal Time),Fri May 16 2025 19:47:09 GMT+0000 (Coordinated Universal Time),Vashon Island Cabin,"This two-bedroom, two bath cabin situated on a small fruit orchard was built over a site-built basement to capture wooded views.",70,Prentiss + Balance + Wickline Architects,,,,"Vashon Island, WA",https://uploads-ssl.webflow.com/654e2d17ca02e3904b4df6c0/65e32a9289900dcab6a06412_Method-Homes-Vashon-Edited-6.webp,https://uploads-ssl.webflow.com/654e2d17ca02e3904b4df6c0/65e32a962688029857b14909_Method-Homes-Vashon-Edited-15.webp; https://uploads-ssl.webflow.com/654e2d17ca02e3904b4df6c0/65e32a95af43e88c4fe1c67a_Method-Homes-Vashon-Edited-13.webp; https://uploads-ssl.webflow.com/654e2d17ca02e3904b4df6c0/65e32a95e7efeef17e0685aa_Method-Homes-Vashon-Edited-10.webp; https://uploads-ssl.webflow.com/654e2d17ca02e3904b4df6c0/65e32a9289900dcab6a06412_Method-Homes-Vashon-Edited-6.webp; https://uploads-ssl.webflow.com/654e2d17ca02e3904b4df6c0/65e32a95e680db5e1a474575_Method-Homes-Vashon-Edited-3.webp; https://uploads-ssl.webflow.com/654e2d17ca02e3904b4df6c0/65e32a95e680db5e1a47456c_Method-Homes-Vashon-Edited-.webp,,Predesigned,false,false,Cabin,Washington,Completed,,,,
"Venice Beach Custom Designed in Collaboration Between Scott Currie, Brian Ahlers, and Grouparchitect",venice-beach-custom,654e2d17a01afbcbb2e7fdc5,654e2d17ca02e3904b4df6bf,65dfc60ab47d62c957779d11,false,true,Wed Feb 28 2024 23:47:22 GMT+0000 (Coordinated Universal Time),Sun May 05 2024 23:02:26 GMT+0000 (Coordinated Universal Time),,Venice Beach,"This home, located in Venice Beach, is a custom two-story design focused on indoor/outdoor living space; an urban beach home with deep green custom features.",66,"Scott Currie, Brian Ahlers, and Grouparchitect",,,,"Venice Beach, CA",https://uploads-ssl.webflow.com/654e2d17ca02e3904b4df6c0/65e359796be84443abb22efc_Venice_Nivo_1.webp,https://uploads-ssl.webflow.com/654e2d17ca02e3904b4df6c0/65e359796be84443abb22efc_Venice_Nivo_1.webp; https://uploads-ssl.webflow.com/654e2d17ca02e3904b4df6c0/65e3597caf2d6efd26a48b9b_Venice_Web_3.webp; https://uploads-ssl.webflow.com/654e2d17ca02e3904b4df6c0/65e3597cc91cdddacc9270fb_Venice_Web_4.webp; https://uploads-ssl.webflow.com/654e2d17ca02e3904b4df6c0/65e3597c833e16c5d6fccd6b_Venice_Web_5.webp; https://uploads-ssl.webflow.com/654e2d17ca02e3904b4df6c0/65e3597c49926d7d9d78502c_Venice_Web_7.webp; https://uploads-ssl.webflow.com/654e2d17ca02e3904b4df6c0/65e3597c2f703e1765da5ca9_venice_beach.webp; https://uploads-ssl.webflow.com/654e2d17ca02e3904b4df6c0/65e3597bbba950cd25774c61_Venice_Web_8.webp,,Custom,false,false,NA - Custom,California,Completed,,,,
White Rock I Custom Designed by Elemental Architecture,white-rock-i-custom,654e2d17a01afbcbb2e7fdc5,654e2d17ca02e3904b4df6bf,65dfc609eb19ec247d312a58,false,true,Wed Feb 28 2024 23:47:21 GMT+0000 (Coordinated Universal Time),Sun May 05 2024 23:02:26 GMT+0000 (Coordinated Universal Time),,White Rock I Custom,"A highly efficient contemporary LEED Platinum prefab located in the South Surrey region of British Columbia. This 3 bedroom, 4 bath home was inspired by modern urban communities found along California’s coast. This is the first home in the White Rock series collaboration with InHaus Development, Ltd.",55,Elemental Architecture,,,,"South Surrey, British Columbia",https://uploads-ssl.webflow.com/654e2d17ca02e3904b4df6c0/65e32a4bf03910a587cc01c8_214.webp,https://uploads-ssl.webflow.com/654e2d17ca02e3904b4df6c0/65e32a4bf03910a587cc01c8_214.webp; https://uploads-ssl.webflow.com/654e2d17ca02e3904b4df6c0/65e32a50683fe19430d83231_20_mini.webp; https://uploads-ssl.webflow.com/654e2d17ca02e3904b4df6c0/65e32a50d7c64851ec2fdc89_White_Rock_Front_Shot_mini.webp; https://uploads-ssl.webflow.com/654e2d17ca02e3904b4df6c0/65e32a509f2df27e83fcebc0_18_mini.webp; https://uploads-ssl.webflow.com/654e2d17ca02e3904b4df6c0/65e32a5011db9df4ad31d546_10_mini.webp; https://uploads-ssl.webflow.com/654e2d17ca02e3904b4df6c0/65e32a506c7a7987750b0e4e_09_mini.webp; https://uploads-ssl.webflow.com/654e2d17ca02e3904b4df6c0/65e32a50b0108aa9f3aa8867_05_mini.webp; https://uploads-ssl.webflow.com/654e2d17ca02e3904b4df6c0/65e32a504921cd417fb90277_04_mini.webp; https://uploads-ssl.webflow.com/654e2d17ca02e3904b4df6c0/65e32a5006103486696bf34f_03_mini.webp,"<figure class=""w-richtext-figure-type-video w-richtext-align-center"" style=""padding-bottom:44.25%"" data-rt-type=""video"" data-rt-align=""center"" data-rt-max-width="""" data-rt-max-height=""44.25%"" data-rt-dimensions=""640:472"" data-page-url=""https://vimeo.com/32249908""><div><iframe src=""https://player.vimeo.com/video/32249908"" title=""White Rock Set"" scrolling=""no"" frameborder=""0"" allowfullscreen=""true""></iframe></div></figure><ul id=""""><li><strong id="""">Features</strong></li><li>LEED Platinum Certified</li><li>Energy usage monitoring</li><li>Rainwater harvesting</li><li>Dual pane low-E fiberglass windows</li><li>Infloor hydronic radiant heat</li><li>FSC-certified Wenge cabinetry</li><li>Air-to-water heat exchange system</li><li>Custom open bamboo staircase</li><li>Roof deck</li><li>Aluminum panel and cedar siding</li><li>Heat pump for domestic and hydronic hot water</li></ul>",Custom,false,false,NA - Custom,British Columbia,Completed,,,,
White Rock II Custom Designed by Elemental Architecture,white-rock-ii-custom,654e2d17a01afbcbb2e7fdc5,654e2d17ca02e3904b4df6bf,65dfc609fbdebc122446139f,false,false,Wed Feb 28 2024 23:47:21 GMT+0000 (Coordinated Universal Time),Mon May 11 2026 20:53:27 GMT+0000 (Coordinated Universal Time),Mon May 11 2026 20:53:27 GMT+0000 (Coordinated Universal Time),White Rock II,"A highly efficient contemporary LEED Platinum prefab located in the South Surrey region of British Columbia. This 3 bedroom, 4 bath home design was inspired by modern urban homes found along California coastal communities. This is the second home in the White Rock collaboration with InHaus Development, Ltd.",56,Elemental Architecture,,,,"South Surrey, BC",https://cdn.prod.website-files.com/654e2d17ca02e3904b4df6c0/65e32825f03910a587caf9a4_155.webp,https://cdn.prod.website-files.com/654e2d17ca02e3904b4df6c0/65e32825f03910a587caf9a4_155.webp; https://cdn.prod.website-files.com/654e2d17ca02e3904b4df6c0/65e3282907c381b94f74df83_320.webp; https://cdn.prod.website-files.com/654e2d17ca02e3904b4df6c0/65e32829e7efeef17e05629e_420.webp; https://cdn.prod.website-files.com/654e2d17ca02e3904b4df6c0/65e328292c3b542344330e7e_520.webp; https://cdn.prod.website-files.com/654e2d17ca02e3904b4df6c0/65e328298a7687c9a7267415_610.webp; https://cdn.prod.website-files.com/654e2d17ca02e3904b4df6c0/65e32829140209a7c2b30ead_78.webp,"<figure class=""w-richtext-figure-type-video w-richtext-align-center"" style=""padding-bottom:44.25%"" data-rt-type=""video"" data-rt-align=""center"" data-rt-max-width="""" data-rt-max-height=""44.25%"" data-rt-dimensions=""640:472"" data-page-url=""https://vimeo.com/32249908""><div><iframe src=""https://player.vimeo.com/video/32249908"" title=""White Rock Set"" scrolling=""no"" frameborder=""0"" allowfullscreen=""true""></iframe></div></figure><ul id=""""><li><strong id="""">Features</strong></li><li>LEED Platinum Certified</li><li>Energy usage monitoring</li><li>Rainwater harvesting</li><li>Dual pane low-E windows</li><li>Infloor hydronic radiant heat</li><li>FSC-certified walnut cabinetry</li><li>Air-to-water heat exchange system</li><li>Aluminum panel and cedar siding</li><li>Roof deck</li><li>Custom open concrete staircase</li></ul>",Custom,false,false,NA - Custom,British Columbia,Completed,,,,
